2026-04-20 21:15:24,718 | INFO     | RansomwareDetector | 🏋️  Entraînement du modèle ML (première fois)…
2026-04-20 21:15:25,961 | INFO     | RansomwareDetector | ✅ Modèle entraîné — F1=100.0% | Recall=100.0%
2026-04-20 21:15:25,963 | INFO     | RansomwareDetector | ============================================================
2026-04-20 21:15:25,965 | INFO     | RansomwareDetector |   🛡  RansomwareDetector — Démarrage
2026-04-20 21:15:25,967 | INFO     | RansomwareDetector | ============================================================
2026-04-20 21:15:25,970 | INFO     | RansomwareDetector | 🪤 Déploiement des fichiers canary…
2026-04-20 21:15:27,122 | INFO     | RansomwareDetector |    ✅ 40 canary files déployés.
2026-04-20 21:15:27,128 | INFO     | RansomwareDetector.Watcher | 👁  Surveillance : C:\Users\Nouar\Desktop
2026-04-20 21:15:27,132 | INFO     | RansomwareDetector.Watcher | 👁  Surveillance : C:\Users\Nouar\Documents
2026-04-20 21:15:27,134 | INFO     | RansomwareDetector.Watcher | 👁  Surveillance : C:\Users\Nouar\Downloads
2026-04-20 21:15:27,138 | INFO     | RansomwareDetector.Watcher | 👁  Surveillance : C:\Users\Public
2026-04-20 21:15:27,144 | INFO     | RansomwareDetector.Watcher | ✅ Watcher démarré.
2026-04-20 21:15:27,148 | INFO     | RansomwareDetector | 🔍 Surveillance active. Ctrl+C pour arrêter.

2026-04-20 22:01:08,380 | INFO     | RansomwareDetector | 🧠 Modèle ML chargé depuis le disque.
2026-04-20 22:01:08,386 | INFO     | RansomwareDetector | ============================================================
2026-04-20 22:01:08,387 | INFO     | RansomwareDetector |   🛡  RansomwareDetector — Démarrage
2026-04-20 22:01:08,389 | INFO     | RansomwareDetector | ============================================================
2026-04-20 22:01:08,391 | INFO     | RansomwareDetector | 🪤 Déploiement des fichiers canary…
2026-04-20 22:01:08,413 | INFO     | RansomwareDetector |    ✅ 0 canary files déployés.
2026-04-20 22:01:08,417 | INFO     | RansomwareDetector.Watcher | 👁  Surveillance : C:\Users\Nouar\Desktop
2026-04-20 22:01:08,419 | INFO     | RansomwareDetector.Watcher | 👁  Surveillance : C:\Users\Nouar\Documents
2026-04-20 22:01:08,421 | INFO     | RansomwareDetector.Watcher | 👁  Surveillance : C:\Users\Nouar\Downloads
2026-04-20 22:01:08,425 | INFO     | RansomwareDetector.Watcher | 👁  Surveillance : C:\Users\Public
2026-04-20 22:01:08,430 | INFO     | RansomwareDetector.Watcher | ✅ Watcher démarré.
2026-04-20 22:01:08,433 | INFO     | RansomwareDetector | 🔍 Surveillance active. Ctrl+C pour arrêter.

2026-04-20 22:07:31,535 | INFO     | RansomwareDetector | 🧠 Modèle ML chargé depuis le disque.
2026-04-20 22:07:31,539 | INFO     | RansomwareDetector | ============================================================
2026-04-20 22:07:31,542 | INFO     | RansomwareDetector |   🛡  RansomwareDetector — Démarrage
2026-04-20 22:07:31,543 | INFO     | RansomwareDetector | ============================================================
2026-04-20 22:07:31,544 | INFO     | RansomwareDetector | 🪤 Déploiement des fichiers canary…
2026-04-20 22:07:31,558 | INFO     | RansomwareDetector |    ✅ 0 canary files déployés.
2026-04-20 22:07:31,560 | INFO     | RansomwareDetector.Watcher | 👁  Surveillance : C:\Users\Nouar\Desktop
2026-04-20 22:07:31,562 | INFO     | RansomwareDetector.Watcher | 👁  Surveillance : C:\Users\Nouar\Documents
2026-04-20 22:07:31,565 | INFO     | RansomwareDetector.Watcher | 👁  Surveillance : C:\Users\Nouar\Downloads
2026-04-20 22:07:31,566 | INFO     | RansomwareDetector.Watcher | 👁  Surveillance : C:\Users\Public
2026-04-20 22:07:31,571 | INFO     | RansomwareDetector.Watcher | ✅ Watcher démarré.
2026-04-20 22:07:31,572 | INFO     | RansomwareDetector | 🔍 Surveillance active. Ctrl+C pour arrêter.

2026-04-20 22:09:32,788 | CRITICAL | RansomwareDetector.Watcher | 🚨 CANARY TOUCHÉ [MODIFIED] : C:\Users\Nouar\Desktop\passwords_backup.txt
2026-04-20 22:09:32,910 | CRITICAL | RansomwareDetector | 🚨 CANARY [MODIFIED] passwords_backup.txt | Entropie : 5.25 bits (baseline=5.25, Δ=+0.00)
2026-04-20 22:09:32,994 | WARNING  | RansomwareDetector | 🧠 ML : RANSOMWARE | Confiance : 128% | Niveau : 1/5
   → Activité dans les normes habituelles.
2026-04-20 22:09:32,997 | CRITICAL | RansomwareDetector | 🚨 [CRITICAL] 🚨 CANARY COMPROMIS — Fichier : C:\Users\Nouar\Desktop\passwords_backup.txt | Entropie : 5.25 bits (Δ+0.00) | IA : RANSOMWARE (niveau 1/5)
2026-04-20 22:09:33,093 | CRITICAL | RansomwareDetector | ⚡ RÉPONSE AUTOMATIQUE DÉCLENCHÉE
2026-04-20 22:09:33,737 | CRITICAL | RansomwareDetector.Watcher | 🚨 CANARY TOUCHÉ [MODIFIED] : C:\Users\Nouar\Desktop\passwords_backup.txt
2026-04-20 22:09:33,744 | CRITICAL | RansomwareDetector.Watcher | 🚨 CANARY TOUCHÉ [MODIFIED] : C:\Users\Nouar\Desktop\passwords_backup.txt
2026-04-20 22:09:33,872 | CRITICAL | RansomwareDetector | 🚨 CANARY [MODIFIED] passwords_backup.txt | Entropie : 8.00 bits (baseline=5.25, Δ=+2.75)
2026-04-20 22:09:33,874 | CRITICAL | RansomwareDetector | 🚨 CANARY [MODIFIED] passwords_backup.txt | Entropie : 8.00 bits (baseline=5.25, Δ=+2.75)
2026-04-20 22:09:33,967 | WARNING  | RansomwareDetector | 🧠 ML : RANSOMWARE | Confiance : 130% | Niveau : 2/5
   → Signaux suspects : entropie critique (8.00 bits) • variation brutale Δ+2.75 bits (RF=47%)
2026-04-20 22:09:33,970 | CRITICAL | RansomwareDetector | 🚨 [CRITICAL] 🚨 CANARY COMPROMIS — Fichier : C:\Users\Nouar\Desktop\passwords_backup.txt | Entropie : 8.00 bits (Δ+2.75) | IA : RANSOMWARE (niveau 2/5)
2026-04-20 22:09:33,975 | CRITICAL | RansomwareDetector | ⚡ RÉPONSE AUTOMATIQUE DÉCLENCHÉE
2026-04-20 22:09:33,977 | WARNING  | RansomwareDetector | 🧠 ML : RANSOMWARE | Confiance : 131% | Niveau : 2/5
   → Signaux suspects : entropie critique (8.00 bits) • variation brutale Δ+2.75 bits (RF=47%)
2026-04-20 22:09:33,980 | CRITICAL | RansomwareDetector | 🚨 [CRITICAL] 🚨 CANARY COMPROMIS — Fichier : C:\Users\Nouar\Desktop\passwords_backup.txt | Entropie : 8.00 bits (Δ+2.75) | IA : RANSOMWARE (niveau 2/5)
2026-04-20 22:09:34,004 | CRITICAL | RansomwareDetector | ⚡ RÉPONSE AUTOMATIQUE DÉCLENCHÉE
2026-04-20 22:11:44,672 | WARNING  | RansomwareDetector.Killer | ⏸  Processus suspendu : python.exe (PID=18304)
2026-04-20 22:11:45,207 | ERROR    | RansomwareDetector.Killer | Échec suspension PID 18304 : process no longer exists (pid=18304, name='python.exe')
2026-04-20 22:11:45,208 | WARNING  | RansomwareDetector.Killer | 🔪 Processus terminé : python.exe (PID=18304)
2026-04-20 22:11:45,211 | CRITICAL | RansomwareDetector.Watcher | 🚨 CANARY TOUCHÉ [MODIFIED] : C:\Users\Nouar\Desktop\passwords_backup.txt
2026-04-20 22:11:45,213 | ERROR    | RansomwareDetector.Killer | Impossible de tuer PID 18304 : process no longer exists (pid=18304, name='python.exe')
2026-04-20 22:11:45,213 | ERROR    | RansomwareDetector.Killer | Échec suspension PID 18304 : process no longer exists (pid=18304, name='python.exe')
2026-04-20 22:11:45,222 | ERROR    | RansomwareDetector.Killer | Impossible de tuer PID 18304 : process no longer exists (pid=18304, name='python.exe')
2026-04-20 22:11:45,239 | CRITICAL | RansomwareDetector.Killer | 🛡  Réponse complète : 1/1 processus neutralisés.
2026-04-20 22:11:45,247 | CRITICAL | RansomwareDetector | 🔪 1/1 processus neutralisés.
2026-04-20 22:11:45,280 | CRITICAL | RansomwareDetector | 🚨 CANARY [MODIFIED] passwords_backup.txt | Entropie : 8.00 bits (baseline=5.25, Δ=+2.75)
2026-04-20 22:11:45,327 | WARNING  | RansomwareDetector | 🧠 ML : RANSOMWARE | Confiance : 130% | Niveau : 2/5
   → Signaux suspects : entropie critique (8.00 bits) • variation brutale Δ+2.75 bits (RF=47%)
2026-04-20 22:11:45,330 | CRITICAL | RansomwareDetector | 🚨 [CRITICAL] 🚨 CANARY COMPROMIS — Fichier : C:\Users\Nouar\Desktop\passwords_backup.txt | Entropie : 8.00 bits (Δ+2.75) | IA : RANSOMWARE (niveau 2/5)
2026-04-20 22:11:45,332 | CRITICAL | RansomwareDetector | ⚡ RÉPONSE AUTOMATIQUE DÉCLENCHÉE
2026-04-20 22:11:45,836 | CRITICAL | RansomwareDetector.Killer | 🛡  Réponse complète : 0/1 processus neutralisés.
2026-04-20 22:11:45,838 | CRITICAL | RansomwareDetector | 🔪 0/1 processus neutralisés.
2026-04-20 22:11:45,844 | CRITICAL | RansomwareDetector.Killer | 🛡  Réponse complète : 0/1 processus neutralisés.
2026-04-20 22:11:45,847 | CRITICAL | RansomwareDetector | 🔪 0/1 processus neutralisés.
2026-04-20 22:12:25,965 | WARNING  | RansomwareDetector.Killer | Aucun processus trouvé avec C:\Users\Nouar\Desktop\passwords_backup.txt ouvert. Peut-être déjà fermé.
2026-04-20 22:12:25,982 | CRITICAL | RansomwareDetector | 🔪 0/0 processus neutralisés.
2026-04-20 23:04:05,924 | INFO     | RansomwareDetector | 🏋️  Entraînement du modèle ML (première fois)…
2026-04-20 23:04:06,890 | INFO     | RansomwareDetector | ✅ Modèle entraîné — F1=100.0% | Recall=100.0%
2026-04-20 23:04:06,892 | INFO     | RansomwareDetector | ============================================================
2026-04-20 23:04:06,894 | INFO     | RansomwareDetector |   🛡  RansomwareDetector — Démarrage
2026-04-20 23:04:06,896 | INFO     | RansomwareDetector | ============================================================
2026-04-20 23:04:06,897 | INFO     | RansomwareDetector | 🪤 Déploiement des fichiers canary…
2026-04-20 23:04:06,902 | CRITICAL | RansomwareDetector.Watcher | 🚨 CANARY TOUCHÉ [MODIFIED] : C:\Users\Nouar\Desktop\passwords_backup.txt
2026-04-20 23:04:06,915 | CRITICAL | RansomwareDetector.Watcher | 🚨 CANARY TOUCHÉ [MODIFIED] : C:\Users\Nouar\Desktop\passwords_backup.txt
2026-04-20 23:04:06,921 | CRITICAL | RansomwareDetector.Watcher | 🚨 CANARY TOUCHÉ [MODIFIED] : C:\Users\Nouar\Desktop\passwords_backup.txt
2026-04-20 23:04:06,926 | CRITICAL | RansomwareDetector | 🚨 CANARY [MODIFIED] passwords_backup.txt | Entropie : 5.25 bits (baseline=5.25, Δ=+0.00)
2026-04-20 23:04:06,929 | CRITICAL | RansomwareDetector | 🚨 CANARY [MODIFIED] passwords_backup.txt | Entropie : 5.25 bits (baseline=5.25, Δ=+0.00)
2026-04-20 23:04:06,933 | INFO     | RansomwareDetector |    ✅ 1 canary files déployés.
2026-04-20 23:04:06,937 | INFO     | RansomwareDetector.Watcher | 👁  Surveillance : C:\Users\Nouar\Desktop
2026-04-20 23:04:06,931 | CRITICAL | RansomwareDetector | 🚨 CANARY [MODIFIED] passwords_backup.txt | Entropie : 5.25 bits (baseline=5.25, Δ=+0.00)
2026-04-20 23:04:06,940 | INFO     | RansomwareDetector.Watcher | 👁  Surveillance : C:\Users\Nouar\Documents
2026-04-20 23:04:06,942 | INFO     | RansomwareDetector.Watcher | 👁  Surveillance : C:\Users\Nouar\Downloads
2026-04-20 23:04:06,944 | INFO     | RansomwareDetector.Watcher | 👁  Surveillance : C:\Users\Public
2026-04-20 23:04:06,948 | INFO     | RansomwareDetector.Watcher | ✅ Watcher démarré.
2026-04-20 23:04:06,950 | INFO     | RansomwareDetector | 🔍 Surveillance active. Ctrl+C pour arrêter.

2026-04-20 23:04:07,217 | WARNING  | RansomwareDetector | 🧠 ML : RANSOMWARE | Confiance : 128% | Niveau : 1/5
   → Activité dans les normes habituelles.
2026-04-20 23:04:07,220 | WARNING  | RansomwareDetector | 🧠 ML : RANSOMWARE | Confiance : 129% | Niveau : 1/5
   → Activité dans les normes habituelles.
2026-04-20 23:04:07,222 | CRITICAL | RansomwareDetector | 🚨 [CRITICAL] 🚨 CANARY COMPROMIS — Fichier : C:\Users\Nouar\Desktop\passwords_backup.txt | Entropie : 5.25 bits (Δ+0.00) | IA : RANSOMWARE (niveau 1/5)
2026-04-20 23:04:07,226 | WARNING  | RansomwareDetector | 🧠 ML : RANSOMWARE | Confiance : 130% | Niveau : 1/5
   → Activité dans les normes habituelles.
2026-04-20 23:04:07,226 | CRITICAL | RansomwareDetector | 🚨 [CRITICAL] 🚨 CANARY COMPROMIS — Fichier : C:\Users\Nouar\Desktop\passwords_backup.txt | Entropie : 5.25 bits (Δ+0.00) | IA : RANSOMWARE (niveau 1/5)
2026-04-20 23:04:07,230 | CRITICAL | RansomwareDetector | 🚨 [CRITICAL] 🚨 CANARY COMPROMIS — Fichier : C:\Users\Nouar\Desktop\passwords_backup.txt | Entropie : 5.25 bits (Δ+0.00) | IA : RANSOMWARE (niveau 1/5)
2026-04-20 23:04:07,231 | CRITICAL | RansomwareDetector | ⚡ RÉPONSE AUTOMATIQUE DÉCLENCHÉE
2026-04-20 23:04:07,234 | CRITICAL | RansomwareDetector | ⚡ RÉPONSE AUTOMATIQUE DÉCLENCHÉE
2026-04-20 23:04:07,237 | CRITICAL | RansomwareDetector | ⚡ RÉPONSE AUTOMATIQUE DÉCLENCHÉE
2026-04-20 23:06:11,279 | WARNING  | RansomwareDetector.Killer | Aucun processus trouvé avec C:\Users\Nouar\Desktop\passwords_backup.txt ouvert. Peut-être déjà fermé.
2026-04-20 23:06:11,699 | CRITICAL | RansomwareDetector | 🔪 0/0 processus neutralisés.
2026-04-20 23:06:15,060 | WARNING  | RansomwareDetector.Killer | Aucun processus trouvé avec C:\Users\Nouar\Desktop\passwords_backup.txt ouvert. Peut-être déjà fermé.
2026-04-20 23:06:15,465 | CRITICAL | RansomwareDetector | 🔪 0/0 processus neutralisés.
2026-04-20 23:06:20,188 | WARNING  | RansomwareDetector.Killer | Aucun processus trouvé avec C:\Users\Nouar\Desktop\passwords_backup.txt ouvert. Peut-être déjà fermé.
2026-04-20 23:06:20,373 | CRITICAL | RansomwareDetector | 🔪 0/0 processus neutralisés.
2026-04-20 23:08:25,639 | CRITICAL | RansomwareDetector.Watcher | 🚨 CANARY SUPPRIMÉ : C:\Users\Nouar\Desktop\passwords_backup.txt
2026-04-20 23:08:25,639 | CRITICAL | RansomwareDetector.Watcher | 🚨 CANARY SUPPRIMÉ : C:\Users\Nouar\Desktop\passwords_backup.txt
2026-04-20 23:08:25,644 | CRITICAL | RansomwareDetector | 🚨 CANARY [DELETED] passwords_backup.txt | Entropie : -1.00 bits (baseline=5.25, Δ=+0.00)
2026-04-20 23:08:25,644 | CRITICAL | RansomwareDetector | 🚨 CANARY [DELETED] passwords_backup.txt | Entropie : -1.00 bits (baseline=5.25, Δ=+0.00)
2026-04-20 23:08:25,690 | WARNING  | RansomwareDetector | 🧠 ML : RANSOMWARE | Confiance : 129% | Niveau : 1/5
   → Activité dans les normes habituelles.
2026-04-20 23:08:25,691 | WARNING  | RansomwareDetector | 🧠 ML : RANSOMWARE | Confiance : 129% | Niveau : 1/5
   → Activité dans les normes habituelles.
2026-04-20 23:08:25,692 | CRITICAL | RansomwareDetector | 🚨 [CRITICAL] 🚨 CANARY COMPROMIS — Fichier : C:\Users\Nouar\Desktop\passwords_backup.txt | Entropie : -1.00 bits (Δ+0.00) | IA : RANSOMWARE (niveau 1/5)
2026-04-20 23:08:25,740 | CRITICAL | RansomwareDetector | ⚡ RÉPONSE AUTOMATIQUE DÉCLENCHÉE
2026-04-20 23:08:25,693 | CRITICAL | RansomwareDetector | 🚨 [CRITICAL] 🚨 CANARY COMPROMIS — Fichier : C:\Users\Nouar\Desktop\passwords_backup.txt | Entropie : -1.00 bits (Δ+0.00) | IA : RANSOMWARE (niveau 1/5)
2026-04-20 23:08:25,800 | CRITICAL | RansomwareDetector | ⚡ RÉPONSE AUTOMATIQUE DÉCLENCHÉE
2026-04-20 23:08:51,034 | INFO     | RansomwareDetector | 🏋️  Entraînement du modèle ML (première fois)…
2026-04-20 23:08:53,399 | INFO     | RansomwareDetector | ✅ Modèle entraîné — F1=100.0% | Recall=100.0%
2026-04-20 23:08:53,406 | INFO     | RansomwareDetector | ============================================================
2026-04-20 23:08:53,411 | INFO     | RansomwareDetector |   🛡  RansomwareDetector — Démarrage
2026-04-20 23:08:53,415 | INFO     | RansomwareDetector | ============================================================
2026-04-20 23:08:53,419 | INFO     | RansomwareDetector | 🪤 Déploiement des fichiers canary…
2026-04-20 23:08:53,496 | INFO     | RansomwareDetector |    ✅ 1 canary files déployés.
2026-04-20 23:08:53,501 | INFO     | RansomwareDetector.Watcher | 👁  Surveillance : C:\Users\Nouar\Desktop
2026-04-20 23:08:53,506 | INFO     | RansomwareDetector.Watcher | 👁  Surveillance : C:\Users\Nouar\Documents
2026-04-20 23:08:53,512 | INFO     | RansomwareDetector.Watcher | 👁  Surveillance : C:\Users\Nouar\Downloads
2026-04-20 23:08:53,515 | INFO     | RansomwareDetector.Watcher | 👁  Surveillance : C:\Users\Public
2026-04-20 23:08:53,524 | INFO     | RansomwareDetector.Watcher | ✅ Watcher démarré.
2026-04-20 23:08:53,528 | INFO     | RansomwareDetector | 🔍 Surveillance active. Ctrl+C pour arrêter.

2026-04-20 23:08:53,768 | CRITICAL | RansomwareDetector.Watcher | 🚨 CANARY TOUCHÉ [CREATED] : C:\Users\Nouar\Desktop\passwords_backup.txt
2026-04-20 23:08:53,775 | CRITICAL | RansomwareDetector.Watcher | 🚨 CANARY TOUCHÉ [MODIFIED] : C:\Users\Nouar\Desktop\passwords_backup.txt
2026-04-20 23:08:53,781 | CRITICAL | RansomwareDetector.Watcher | 🚨 CANARY TOUCHÉ [MODIFIED] : C:\Users\Nouar\Desktop\passwords_backup.txt
2026-04-20 23:08:53,786 | CRITICAL | RansomwareDetector | 🚨 CANARY [CREATED] passwords_backup.txt | Entropie : 5.25 bits (baseline=5.25, Δ=+0.00)
2026-04-20 23:08:53,793 | CRITICAL | RansomwareDetector.Watcher | 🚨 CANARY TOUCHÉ [MODIFIED] : C:\Users\Nouar\Desktop\passwords_backup.txt
2026-04-20 23:08:53,803 | CRITICAL | RansomwareDetector | 🚨 CANARY [MODIFIED] passwords_backup.txt | Entropie : 5.25 bits (baseline=5.25, Δ=+0.00)
2026-04-20 23:08:53,813 | CRITICAL | RansomwareDetector | 🚨 CANARY [MODIFIED] passwords_backup.txt | Entropie : 5.25 bits (baseline=5.25, Δ=+0.00)
2026-04-20 23:08:53,951 | CRITICAL | RansomwareDetector.Watcher | 🚨 CANARY TOUCHÉ [CREATED] : C:\Users\Nouar\Desktop\passwords_backup.txt
2026-04-20 23:08:53,956 | CRITICAL | RansomwareDetector.Watcher | 🚨 CANARY TOUCHÉ [MODIFIED] : C:\Users\Nouar\Desktop\passwords_backup.txt
2026-04-20 23:08:53,961 | CRITICAL | RansomwareDetector.Watcher | 🚨 CANARY TOUCHÉ [MODIFIED] : C:\Users\Nouar\Desktop\passwords_backup.txt
2026-04-20 23:08:53,967 | CRITICAL | RansomwareDetector.Watcher | 🚨 CANARY TOUCHÉ [MODIFIED] : C:\Users\Nouar\Desktop\passwords_backup.txt
2026-04-20 23:08:53,974 | CRITICAL | RansomwareDetector | 🚨 CANARY [CREATED] passwords_backup.txt | Entropie : 5.25 bits (baseline=5.25, Δ=+0.00)
2026-04-20 23:08:53,980 | CRITICAL | RansomwareDetector | 🚨 CANARY [MODIFIED] passwords_backup.txt | Entropie : 5.25 bits (baseline=5.25, Δ=+0.00)
2026-04-20 23:08:53,987 | CRITICAL | RansomwareDetector | 🚨 CANARY [MODIFIED] passwords_backup.txt | Entropie : 5.25 bits (baseline=5.25, Δ=+0.00)
2026-04-20 23:08:54,048 | WARNING  | RansomwareDetector | 🧠 ML : RANSOMWARE | Confiance : 129% | Niveau : 1/5
   → Activité dans les normes habituelles.
2026-04-20 23:08:54,055 | WARNING  | RansomwareDetector | 🧠 ML : RANSOMWARE | Confiance : 130% | Niveau : 1/5
   → Activité dans les normes habituelles.
2026-04-20 23:08:54,060 | CRITICAL | RansomwareDetector | 🚨 [CRITICAL] 🚨 CANARY COMPROMIS — Fichier : C:\Users\Nouar\Desktop\passwords_backup.txt | Entropie : 5.25 bits (Δ+0.00) | IA : RANSOMWARE (niveau 1/5)
2026-04-20 23:08:54,065 | CRITICAL | RansomwareDetector | 🚨 [CRITICAL] 🚨 CANARY COMPROMIS — Fichier : C:\Users\Nouar\Desktop\passwords_backup.txt | Entropie : 5.25 bits (Δ+0.00) | IA : RANSOMWARE (niveau 1/5)
2026-04-20 23:08:54,075 | CRITICAL | RansomwareDetector | ⚡ RÉPONSE AUTOMATIQUE DÉCLENCHÉE
2026-04-20 23:08:54,081 | CRITICAL | RansomwareDetector | ⚡ RÉPONSE AUTOMATIQUE DÉCLENCHÉE
2026-04-20 23:08:54,209 | WARNING  | RansomwareDetector | 🧠 ML : RANSOMWARE | Confiance : 129% | Niveau : 1/5
   → Activité dans les normes habituelles.
2026-04-20 23:08:54,213 | CRITICAL | RansomwareDetector | 🚨 [CRITICAL] 🚨 CANARY COMPROMIS — Fichier : C:\Users\Nouar\Desktop\passwords_backup.txt | Entropie : 5.25 bits (Δ+0.00) | IA : RANSOMWARE (niveau 1/5)
2026-04-20 23:08:54,218 | WARNING  | RansomwareDetector | 🧠 ML : RANSOMWARE | Confiance : 130% | Niveau : 1/5
   → Activité dans les normes habituelles.
2026-04-20 23:08:54,318 | WARNING  | RansomwareDetector | 🧠 ML : RANSOMWARE | Confiance : 130% | Niveau : 1/5
   → Activité dans les normes habituelles.
2026-04-20 23:08:54,318 | CRITICAL | RansomwareDetector | ⚡ RÉPONSE AUTOMATIQUE DÉCLENCHÉE
2026-04-20 23:08:54,321 | CRITICAL | RansomwareDetector | 🚨 [CRITICAL] 🚨 CANARY COMPROMIS — Fichier : C:\Users\Nouar\Desktop\passwords_backup.txt | Entropie : 5.25 bits (Δ+0.00) | IA : RANSOMWARE (niveau 1/5)
2026-04-20 23:08:54,323 | CRITICAL | RansomwareDetector | 🚨 [CRITICAL] 🚨 CANARY COMPROMIS — Fichier : C:\Users\Nouar\Desktop\passwords_backup.txt | Entropie : 5.25 bits (Δ+0.00) | IA : RANSOMWARE (niveau 1/5)
2026-04-20 23:08:54,330 | CRITICAL | RansomwareDetector | ⚡ RÉPONSE AUTOMATIQUE DÉCLENCHÉE
2026-04-20 23:08:54,332 | CRITICAL | RansomwareDetector | ⚡ RÉPONSE AUTOMATIQUE DÉCLENCHÉE
2026-04-20 23:08:55,179 | WARNING  | RansomwareDetector | 🧠 ML : RANSOMWARE | Confiance : 130% | Niveau : 1/5
   → Activité dans les normes habituelles.
2026-04-20 23:08:55,182 | CRITICAL | RansomwareDetector | 🚨 [CRITICAL] 🚨 CANARY COMPROMIS — Fichier : C:\Users\Nouar\Desktop\passwords_backup.txt | Entropie : 5.25 bits (Δ+0.00) | IA : RANSOMWARE (niveau 1/5)
2026-04-20 23:08:55,186 | CRITICAL | RansomwareDetector | ⚡ RÉPONSE AUTOMATIQUE DÉCLENCHÉE
2026-04-20 23:10:31,941 | WARNING  | RansomwareDetector.Killer | Aucun processus trouvé avec C:\Users\Nouar\Desktop\passwords_backup.txt ouvert. Peut-être déjà fermé.
2026-04-20 23:10:34,807 | CRITICAL | RansomwareDetector | 🔪 0/0 processus neutralisés.
2026-04-20 23:10:34,817 | CRITICAL | RansomwareDetector | 🚨 CANARY [MODIFIED] passwords_backup.txt | Entropie : 5.25 bits (baseline=5.25, Δ=+0.00)
2026-04-20 23:10:38,029 | WARNING  | RansomwareDetector | 🧠 ML : RANSOMWARE | Confiance : 128% | Niveau : 1/5
   → Activité dans les normes habituelles.
2026-04-20 23:10:38,177 | CRITICAL | RansomwareDetector | 🚨 [CRITICAL] 🚨 CANARY COMPROMIS — Fichier : C:\Users\Nouar\Desktop\passwords_backup.txt | Entropie : 5.25 bits (Δ+0.00) | IA : RANSOMWARE (niveau 1/5)
2026-04-20 23:10:38,851 | CRITICAL | RansomwareDetector | ⚡ RÉPONSE AUTOMATIQUE DÉCLENCHÉE
2026-04-20 23:10:43,593 | WARNING  | RansomwareDetector.Killer | Aucun processus trouvé avec C:\Users\Nouar\Desktop\passwords_backup.txt ouvert. Peut-être déjà fermé.
2026-04-20 23:10:43,601 | CRITICAL | RansomwareDetector | 🔪 0/0 processus neutralisés.
2026-04-20 23:10:43,605 | CRITICAL | RansomwareDetector | 🚨 CANARY [MODIFIED] passwords_backup.txt | Entropie : 5.25 bits (baseline=5.25, Δ=+0.00)
2026-04-20 23:10:49,579 | WARNING  | RansomwareDetector | 🧠 ML : RANSOMWARE | Confiance : 128% | Niveau : 1/5
   → Activité dans les normes habituelles.
2026-04-20 23:10:49,582 | CRITICAL | RansomwareDetector | 🚨 [CRITICAL] 🚨 CANARY COMPROMIS — Fichier : C:\Users\Nouar\Desktop\passwords_backup.txt | Entropie : 5.25 bits (Δ+0.00) | IA : RANSOMWARE (niveau 1/5)
2026-04-20 23:10:49,975 | CRITICAL | RansomwareDetector | ⚡ RÉPONSE AUTOMATIQUE DÉCLENCHÉE
2026-04-20 23:12:42,699 | WARNING  | RansomwareDetector.Killer | Aucun processus trouvé avec C:\Users\Nouar\Desktop\passwords_backup.txt ouvert. Peut-être déjà fermé.
2026-04-20 23:12:43,253 | CRITICAL | RansomwareDetector | 🔪 0/0 processus neutralisés.
2026-04-20 23:12:50,808 | WARNING  | RansomwareDetector.Killer | Aucun processus trouvé avec C:\Users\Nouar\Desktop\passwords_backup.txt ouvert. Peut-être déjà fermé.
2026-04-20 23:12:51,124 | CRITICAL | RansomwareDetector | 🔪 0/0 processus neutralisés.
2026-04-20 23:12:53,820 | WARNING  | RansomwareDetector.Killer | Aucun processus trouvé avec C:\Users\Nouar\Desktop\passwords_backup.txt ouvert. Peut-être déjà fermé.
2026-04-20 23:12:54,366 | CRITICAL | RansomwareDetector | 🔪 0/0 processus neutralisés.
2026-04-20 23:12:57,384 | WARNING  | RansomwareDetector.Killer | Aucun processus trouvé avec C:\Users\Nouar\Desktop\passwords_backup.txt ouvert. Peut-être déjà fermé.
2026-04-20 23:12:58,486 | CRITICAL | RansomwareDetector | 🔪 0/0 processus neutralisés.
2026-04-20 23:12:59,872 | WARNING  | RansomwareDetector.Killer | Aucun processus trouvé avec C:\Users\Nouar\Desktop\passwords_backup.txt ouvert. Peut-être déjà fermé.
2026-04-20 23:12:59,883 | CRITICAL | RansomwareDetector | 🔪 0/0 processus neutralisés.
2026-04-20 23:13:03,176 | WARNING  | RansomwareDetector.Killer | Aucun processus trouvé avec C:\Users\Nouar\Desktop\passwords_backup.txt ouvert. Peut-être déjà fermé.
2026-04-20 23:13:03,638 | CRITICAL | RansomwareDetector | 🔪 0/0 processus neutralisés.
2026-04-20 23:13:29,884 | WARNING  | RansomwareDetector.Killer | Aucun processus trouvé avec C:\Users\Nouar\Desktop\passwords_backup.txt ouvert. Peut-être déjà fermé.
2026-04-20 23:13:30,004 | CRITICAL | RansomwareDetector | 🔪 0/0 processus neutralisés.
2026-04-20 23:13:30,707 | WARNING  | RansomwareDetector.Killer | Aucun processus trouvé avec C:\Users\Nouar\Desktop\passwords_backup.txt ouvert. Peut-être déjà fermé.
2026-04-20 23:13:30,731 | CRITICAL | RansomwareDetector | 🔪 0/0 processus neutralisés.
2026-04-20 23:50:30,640 | CRITICAL | RansomwareDetector.Watcher | 🚨 CANARY TOUCHÉ [MODIFIED] : C:\Users\Nouar\Desktop\passwords_backup.txt
2026-04-20 23:50:30,640 | CRITICAL | RansomwareDetector.Watcher | 🚨 CANARY TOUCHÉ [MODIFIED] : C:\Users\Nouar\Desktop\passwords_backup.txt
2026-04-20 23:50:30,640 | CRITICAL | RansomwareDetector.Watcher | 🚨 CANARY TOUCHÉ [MODIFIED] : C:\Users\Nouar\Desktop\passwords_backup.txt
2026-04-20 23:50:30,644 | CRITICAL | RansomwareDetector.Watcher | 🚨 CANARY SUPPRIMÉ : C:\Users\Nouar\Desktop\passwords_backup.txt
2026-04-20 23:50:30,646 | CRITICAL | RansomwareDetector.Watcher | 🚨 CANARY SUPPRIMÉ : C:\Users\Nouar\Desktop\passwords_backup.txt
2026-04-20 23:50:30,647 | CRITICAL | RansomwareDetector.Watcher | 🚨 CANARY SUPPRIMÉ : C:\Users\Nouar\Desktop\passwords_backup.txt
2026-04-20 23:50:30,649 | CRITICAL | RansomwareDetector | 🚨 CANARY [MODIFIED] passwords_backup.txt | Entropie : -1.00 bits (baseline=5.25, Δ=+0.00)
2026-04-20 23:50:30,651 | CRITICAL | RansomwareDetector | 🚨 CANARY [MODIFIED] passwords_backup.txt | Entropie : -1.00 bits (baseline=5.25, Δ=+0.00)
2026-04-20 23:50:30,650 | CRITICAL | RansomwareDetector | 🚨 CANARY [MODIFIED] passwords_backup.txt | Entropie : -1.00 bits (baseline=5.25, Δ=+0.00)
2026-04-20 23:50:30,657 | CRITICAL | RansomwareDetector.Watcher | 🚨 CANARY TOUCHÉ [MODIFIED] : C:\Users\Nouar\Desktop\financial_report_2024.xlsx
2026-04-20 23:50:30,660 | CRITICAL | RansomwareDetector | 🚨 CANARY [DELETED] passwords_backup.txt | Entropie : -1.00 bits (baseline=5.25, Δ=+0.00)
2026-04-20 23:50:30,658 | CRITICAL | RansomwareDetector | 🚨 CANARY [DELETED] passwords_backup.txt | Entropie : -1.00 bits (baseline=5.25, Δ=+0.00)
2026-04-20 23:50:30,668 | CRITICAL | RansomwareDetector.Watcher | 🚨 CANARY SUPPRIMÉ : C:\Users\Nouar\Desktop\financial_report_2024.xlsx
2026-04-20 23:50:30,671 | CRITICAL | RansomwareDetector | 🚨 CANARY [MODIFIED] financial_report_2024.xlsx | Entropie : -1.00 bits (baseline=3.58, Δ=+0.00)
2026-04-20 23:50:30,681 | CRITICAL | RansomwareDetector.Watcher | 🚨 CANARY TOUCHÉ [MODIFIED] : C:\Users\Nouar\Desktop\client_database.csv
2026-04-20 23:50:30,684 | CRITICAL | RansomwareDetector | 🚨 CANARY [DELETED] financial_report_2024.xlsx | Entropie : -1.00 bits (baseline=3.58, Δ=+0.00)
2026-04-20 23:50:30,697 | CRITICAL | RansomwareDetector.Watcher | 🚨 CANARY SUPPRIMÉ : C:\Users\Nouar\Desktop\client_database.csv
2026-04-20 23:50:30,704 | CRITICAL | RansomwareDetector.Watcher | 🚨 CANARY TOUCHÉ [MODIFIED] : C:\Users\Nouar\Desktop\private_keys.pem
2026-04-20 23:50:30,709 | CRITICAL | RansomwareDetector.Watcher | 🚨 CANARY SUPPRIMÉ : C:\Users\Nouar\Desktop\private_keys.pem
2026-04-20 23:50:30,714 | CRITICAL | RansomwareDetector.Watcher | 🚨 CANARY TOUCHÉ [MODIFIED] : C:\Users\Nouar\Desktop\company_contracts_2024.docx
2026-04-20 23:50:30,719 | CRITICAL | RansomwareDetector.Watcher | 🚨 CANARY SUPPRIMÉ : C:\Users\Nouar\Desktop\company_contracts_2024.docx
2026-04-20 23:50:30,723 | CRITICAL | RansomwareDetector.Watcher | 🚨 CANARY TOUCHÉ [MODIFIED] : C:\Users\Nouar\Desktop\hr_employee_list.csv
2026-04-20 23:50:30,729 | CRITICAL | RansomwareDetector.Watcher | 🚨 CANARY SUPPRIMÉ : C:\Users\Nouar\Desktop\hr_employee_list.csv
2026-04-20 23:50:30,741 | CRITICAL | RansomwareDetector.Watcher | 🚨 CANARY TOUCHÉ [MODIFIED] : C:\Users\Nouar\Desktop\vpn_config_backup.ovpn
2026-04-20 23:50:30,748 | CRITICAL | RansomwareDetector.Watcher | 🚨 CANARY SUPPRIMÉ : C:\Users\Nouar\Desktop\vpn_config_backup.ovpn
2026-04-20 23:50:30,755 | CRITICAL | RansomwareDetector.Watcher | 🚨 CANARY TOUCHÉ [MODIFIED] : C:\Users\Nouar\Desktop\tax_declaration_2023.pdf
2026-04-20 23:50:30,782 | WARNING  | RansomwareDetector | 🧠 ML : RANSOMWARE | Confiance : 129% | Niveau : 1/5
   → Activité dans les normes habituelles.
2026-04-20 23:50:30,784 | CRITICAL | RansomwareDetector | 🚨 [CRITICAL] 🚨 CANARY COMPROMIS — Fichier : C:\Users\Nouar\Desktop\passwords_backup.txt | Entropie : -1.00 bits (Δ+0.00) | IA : RANSOMWARE (niveau 1/5)
2026-04-20 23:50:30,787 | WARNING  | RansomwareDetector | 🧠 ML : RANSOMWARE | Confiance : 129% | Niveau : 1/5
   → Activité dans les normes habituelles.
2026-04-20 23:50:30,791 | WARNING  | RansomwareDetector | 🧠 ML : RANSOMWARE | Confiance : 129% | Niveau : 1/5
   → Activité dans les normes habituelles.
2026-04-20 23:50:30,791 | CRITICAL | RansomwareDetector | ⚡ RÉPONSE AUTOMATIQUE DÉCLENCHÉE
2026-04-20 23:50:30,793 | CRITICAL | RansomwareDetector | 🚨 [CRITICAL] 🚨 CANARY COMPROMIS — Fichier : C:\Users\Nouar\Desktop\passwords_backup.txt | Entropie : -1.00 bits (Δ+0.00) | IA : RANSOMWARE (niveau 1/5)
2026-04-20 23:50:30,795 | WARNING  | RansomwareDetector | 🧠 ML : RANSOMWARE | Confiance : 129% | Niveau : 1/5
   → Activité dans les normes habituelles.
2026-04-20 23:50:30,797 | CRITICAL | RansomwareDetector | 🚨 [CRITICAL] 🚨 CANARY COMPROMIS — Fichier : C:\Users\Nouar\Desktop\passwords_backup.txt | Entropie : -1.00 bits (Δ+0.00) | IA : RANSOMWARE (niveau 1/5)
2026-04-20 23:50:30,799 | CRITICAL | RansomwareDetector | 🚨 [CRITICAL] 🚨 CANARY COMPROMIS — Fichier : C:\Users\Nouar\Desktop\passwords_backup.txt | Entropie : -1.00 bits (Δ+0.00) | IA : RANSOMWARE (niveau 1/5)
2026-04-20 23:50:30,770 | CRITICAL | RansomwareDetector.Watcher | 🚨 CANARY SUPPRIMÉ : C:\Users\Nouar\Desktop\tax_declaration_2023.pdf
2026-04-20 23:50:30,806 | CRITICAL | RansomwareDetector.Watcher | 🚨 CANARY TOUCHÉ [MODIFIED] : C:\Users\Nouar\Desktop\ssh_id_rsa
2026-04-20 23:50:30,813 | CRITICAL | RansomwareDetector.Watcher | 🚨 CANARY SUPPRIMÉ : C:\Users\Nouar\Desktop\ssh_id_rsa
2026-04-20 23:50:30,824 | CRITICAL | RansomwareDetector.Watcher | 🚨 CANARY TOUCHÉ [MODIFIED] : C:\Users\Nouar\Desktop\wallet_backup.dat
2026-04-20 23:50:30,817 | CRITICAL | RansomwareDetector | ⚡ RÉPONSE AUTOMATIQUE DÉCLENCHÉE
2026-04-20 23:50:30,832 | CRITICAL | RansomwareDetector.Watcher | 🚨 CANARY SUPPRIMÉ : C:\Users\Nouar\Desktop\wallet_backup.dat
2026-04-20 23:50:30,844 | CRITICAL | RansomwareDetector.Watcher | 🚨 CANARY TOUCHÉ [MODIFIED] : C:\Users\Nouar\Documents\passwords_backup.txt
2026-04-20 23:50:30,851 | CRITICAL | RansomwareDetector.Watcher | 🚨 CANARY SUPPRIMÉ : C:\Users\Nouar\Documents\passwords_backup.txt
2026-04-20 23:50:30,864 | CRITICAL | RansomwareDetector | ⚡ RÉPONSE AUTOMATIQUE DÉCLENCHÉE
2026-04-20 23:50:30,863 | CRITICAL | RansomwareDetector.Watcher | 🚨 CANARY TOUCHÉ [MODIFIED] : C:\Users\Nouar\Documents\financial_report_2024.xlsx
2026-04-20 23:50:30,866 | CRITICAL | RansomwareDetector | ⚡ RÉPONSE AUTOMATIQUE DÉCLENCHÉE
2026-04-20 23:50:30,871 | CRITICAL | RansomwareDetector.Watcher | 🚨 CANARY SUPPRIMÉ : C:\Users\Nouar\Documents\financial_report_2024.xlsx
2026-04-20 23:50:30,876 | CRITICAL | RansomwareDetector.Watcher | 🚨 CANARY TOUCHÉ [MODIFIED] : C:\Users\Nouar\Documents\client_database.csv
2026-04-20 23:50:30,883 | CRITICAL | RansomwareDetector.Watcher | 🚨 CANARY SUPPRIMÉ : C:\Users\Nouar\Documents\client_database.csv
2026-04-20 23:50:30,904 | CRITICAL | RansomwareDetector.Watcher | 🚨 CANARY TOUCHÉ [MODIFIED] : C:\Users\Nouar\Documents\private_keys.pem
2026-04-20 23:50:30,910 | CRITICAL | RansomwareDetector.Watcher | 🚨 CANARY SUPPRIMÉ : C:\Users\Nouar\Documents\private_keys.pem
2026-04-20 23:50:30,916 | CRITICAL | RansomwareDetector.Watcher | 🚨 CANARY TOUCHÉ [MODIFIED] : C:\Users\Nouar\Documents\company_contracts_2024.docx
2026-04-20 23:50:30,921 | CRITICAL | RansomwareDetector.Watcher | 🚨 CANARY SUPPRIMÉ : C:\Users\Nouar\Documents\company_contracts_2024.docx
2026-04-20 23:50:30,930 | CRITICAL | RansomwareDetector.Watcher | 🚨 CANARY TOUCHÉ [MODIFIED] : C:\Users\Nouar\Documents\hr_employee_list.csv
2026-04-20 23:50:30,946 | CRITICAL | RansomwareDetector.Watcher | 🚨 CANARY SUPPRIMÉ : C:\Users\Nouar\Documents\hr_employee_list.csv
2026-04-20 23:50:30,951 | CRITICAL | RansomwareDetector.Watcher | 🚨 CANARY TOUCHÉ [MODIFIED] : C:\Users\Nouar\Documents\vpn_config_backup.ovpn
2026-04-20 23:50:30,956 | CRITICAL | RansomwareDetector.Watcher | 🚨 CANARY SUPPRIMÉ : C:\Users\Nouar\Documents\vpn_config_backup.ovpn
2026-04-20 23:50:30,963 | CRITICAL | RansomwareDetector.Watcher | 🚨 CANARY TOUCHÉ [MODIFIED] : C:\Users\Nouar\Downloads\passwords_backup.txt
2026-04-20 23:50:30,969 | CRITICAL | RansomwareDetector.Watcher | 🚨 CANARY TOUCHÉ [MODIFIED] : C:\Users\Nouar\Documents\tax_declaration_2023.pdf
2026-04-20 23:50:30,973 | CRITICAL | RansomwareDetector.Watcher | 🚨 CANARY SUPPRIMÉ : C:\Users\Nouar\Documents\tax_declaration_2023.pdf
2026-04-20 23:50:30,977 | CRITICAL | RansomwareDetector.Watcher | 🚨 CANARY TOUCHÉ [MODIFIED] : C:\Users\Nouar\Documents\ssh_id_rsa
2026-04-20 23:50:30,980 | CRITICAL | RansomwareDetector.Watcher | 🚨 CANARY SUPPRIMÉ : C:\Users\Nouar\Documents\ssh_id_rsa
2026-04-20 23:50:30,985 | CRITICAL | RansomwareDetector.Watcher | 🚨 CANARY SUPPRIMÉ : C:\Users\Nouar\Downloads\passwords_backup.txt
2026-04-20 23:50:30,993 | CRITICAL | RansomwareDetector.Watcher | 🚨 CANARY TOUCHÉ [MODIFIED] : C:\Users\Nouar\Downloads\financial_report_2024.xlsx
2026-04-20 23:50:30,999 | CRITICAL | RansomwareDetector.Watcher | 🚨 CANARY SUPPRIMÉ : C:\Users\Nouar\Downloads\financial_report_2024.xlsx
2026-04-20 23:50:31,005 | CRITICAL | RansomwareDetector.Watcher | 🚨 CANARY TOUCHÉ [MODIFIED] : C:\Users\Nouar\Downloads\client_database.csv
2026-04-20 23:50:31,008 | CRITICAL | RansomwareDetector.Watcher | 🚨 CANARY SUPPRIMÉ : C:\Users\Nouar\Downloads\client_database.csv
2026-04-20 23:50:31,014 | CRITICAL | RansomwareDetector.Watcher | 🚨 CANARY TOUCHÉ [MODIFIED] : C:\Users\Nouar\Documents\wallet_backup.dat
2026-04-20 23:50:31,017 | CRITICAL | RansomwareDetector.Watcher | 🚨 CANARY SUPPRIMÉ : C:\Users\Nouar\Documents\wallet_backup.dat
2026-04-20 23:50:31,019 | CRITICAL | RansomwareDetector.Watcher | 🚨 CANARY TOUCHÉ [MODIFIED] : C:\Users\Nouar\Downloads\private_keys.pem
2026-04-20 23:50:31,023 | CRITICAL | RansomwareDetector.Watcher | 🚨 CANARY SUPPRIMÉ : C:\Users\Nouar\Downloads\private_keys.pem
2026-04-20 23:50:31,027 | CRITICAL | RansomwareDetector.Watcher | 🚨 CANARY TOUCHÉ [MODIFIED] : C:\Users\Nouar\Downloads\company_contracts_2024.docx
2026-04-20 23:50:31,030 | CRITICAL | RansomwareDetector.Watcher | 🚨 CANARY SUPPRIMÉ : C:\Users\Nouar\Downloads\company_contracts_2024.docx
2026-04-20 23:50:31,032 | CRITICAL | RansomwareDetector.Watcher | 🚨 CANARY TOUCHÉ [MODIFIED] : C:\Users\Nouar\Downloads\hr_employee_list.csv
2026-04-20 23:50:31,039 | CRITICAL | RansomwareDetector.Watcher | 🚨 CANARY SUPPRIMÉ : C:\Users\Nouar\Downloads\hr_employee_list.csv
2026-04-20 23:50:31,043 | WARNING  | RansomwareDetector | 🧠 ML : RANSOMWARE | Confiance : 129% | Niveau : 1/5
   → Activité dans les normes habituelles.
2026-04-20 23:50:31,044 | CRITICAL | RansomwareDetector.Watcher | 🚨 CANARY TOUCHÉ [MODIFIED] : C:\Users\Nouar\Downloads\vpn_config_backup.ovpn
2026-04-20 23:50:31,054 | CRITICAL | RansomwareDetector | 🚨 [CRITICAL] 🚨 CANARY COMPROMIS — Fichier : C:\Users\Nouar\Desktop\passwords_backup.txt | Entropie : -1.00 bits (Δ+0.00) | IA : RANSOMWARE (niveau 1/5)
2026-04-20 23:50:31,055 | WARNING  | RansomwareDetector | 🧠 ML : RANSOMWARE | Confiance : 130% | Niveau : 1/5
   → Activité dans les normes habituelles.
2026-04-20 23:50:31,060 | CRITICAL | RansomwareDetector.Watcher | 🚨 CANARY SUPPRIMÉ : C:\Users\Nouar\Downloads\vpn_config_backup.ovpn
2026-04-20 23:50:31,065 | CRITICAL | RansomwareDetector | ⚡ RÉPONSE AUTOMATIQUE DÉCLENCHÉE
2026-04-20 23:50:31,068 | CRITICAL | RansomwareDetector | 🚨 [CRITICAL] 🚨 CANARY COMPROMIS — Fichier : C:\Users\Nouar\Desktop\financial_report_2024.xlsx | Entropie : -1.00 bits (Δ+0.00) | IA : RANSOMWARE (niveau 1/5)
2026-04-20 23:50:31,072 | CRITICAL | RansomwareDetector.Watcher | 🚨 CANARY TOUCHÉ [MODIFIED] : C:\Users\Nouar\Downloads\tax_declaration_2023.pdf
2026-04-20 23:50:31,078 | WARNING  | RansomwareDetector | 🧠 ML : RANSOMWARE | Confiance : 129% | Niveau : 1/5
   → Activité dans les normes habituelles.
2026-04-20 23:50:31,084 | CRITICAL | RansomwareDetector.Watcher | 🚨 CANARY SUPPRIMÉ : C:\Users\Nouar\Downloads\tax_declaration_2023.pdf
2026-04-20 23:50:31,088 | CRITICAL | RansomwareDetector | 🚨 [CRITICAL] 🚨 CANARY COMPROMIS — Fichier : C:\Users\Nouar\Desktop\passwords_backup.txt | Entropie : -1.00 bits (Δ+0.00) | IA : RANSOMWARE (niveau 1/5)
2026-04-20 23:50:31,088 | CRITICAL | RansomwareDetector | ⚡ RÉPONSE AUTOMATIQUE DÉCLENCHÉE
2026-04-20 23:50:31,110 | CRITICAL | RansomwareDetector.Watcher | 🚨 CANARY TOUCHÉ [MODIFIED] : C:\Users\Nouar\Downloads\ssh_id_rsa
2026-04-20 23:50:31,124 | CRITICAL | RansomwareDetector | ⚡ RÉPONSE AUTOMATIQUE DÉCLENCHÉE
2026-04-20 23:50:31,696 | WARNING  | RansomwareDetector | 🧠 ML : RANSOMWARE | Confiance : 130% | Niveau : 1/5
   → Activité dans les normes habituelles.
2026-04-20 23:50:31,696 | CRITICAL | RansomwareDetector.Watcher | 🚨 CANARY SUPPRIMÉ : C:\Users\Nouar\Downloads\ssh_id_rsa
2026-04-20 23:50:31,702 | CRITICAL | RansomwareDetector | 🚨 [CRITICAL] 🚨 CANARY COMPROMIS — Fichier : C:\Users\Nouar\Desktop\financial_report_2024.xlsx | Entropie : -1.00 bits (Δ+0.00) | IA : RANSOMWARE (niveau 1/5)
2026-04-20 23:50:31,740 | CRITICAL | RansomwareDetector.Watcher | 🚨 CANARY TOUCHÉ [MODIFIED] : C:\Users\Public\passwords_backup.txt
2026-04-20 23:50:31,786 | CRITICAL | RansomwareDetector.Watcher | 🚨 CANARY TOUCHÉ [MODIFIED] : C:\Users\Nouar\Downloads\wallet_backup.dat
2026-04-20 23:50:31,791 | CRITICAL | RansomwareDetector | ⚡ RÉPONSE AUTOMATIQUE DÉCLENCHÉE
2026-04-20 23:50:31,794 | CRITICAL | RansomwareDetector.Watcher | 🚨 CANARY SUPPRIMÉ : C:\Users\Nouar\Downloads\wallet_backup.dat
2026-04-20 23:50:31,800 | CRITICAL | RansomwareDetector.Watcher | 🚨 CANARY SUPPRIMÉ : C:\Users\Public\passwords_backup.txt
2026-04-20 23:50:31,804 | CRITICAL | RansomwareDetector.Watcher | 🚨 CANARY TOUCHÉ [MODIFIED] : C:\Users\Public\financial_report_2024.xlsx
2026-04-20 23:50:31,870 | CRITICAL | RansomwareDetector.Watcher | 🚨 CANARY SUPPRIMÉ : C:\Users\Public\financial_report_2024.xlsx
2026-04-20 23:50:31,875 | CRITICAL | RansomwareDetector.Watcher | 🚨 CANARY TOUCHÉ [MODIFIED] : C:\Users\Public\client_database.csv
2026-04-20 23:50:31,878 | CRITICAL | RansomwareDetector.Watcher | 🚨 CANARY SUPPRIMÉ : C:\Users\Public\client_database.csv
2026-04-20 23:50:31,882 | CRITICAL | RansomwareDetector.Watcher | 🚨 CANARY TOUCHÉ [MODIFIED] : C:\Users\Public\private_keys.pem
2026-04-20 23:50:31,886 | CRITICAL | RansomwareDetector.Watcher | 🚨 CANARY SUPPRIMÉ : C:\Users\Public\private_keys.pem
2026-04-20 23:50:31,889 | CRITICAL | RansomwareDetector.Watcher | 🚨 CANARY TOUCHÉ [MODIFIED] : C:\Users\Public\company_contracts_2024.docx
2026-04-20 23:50:31,893 | CRITICAL | RansomwareDetector.Watcher | 🚨 CANARY SUPPRIMÉ : C:\Users\Public\company_contracts_2024.docx
2026-04-20 23:50:31,896 | CRITICAL | RansomwareDetector.Watcher | 🚨 CANARY TOUCHÉ [MODIFIED] : C:\Users\Public\hr_employee_list.csv
2026-04-20 23:50:31,898 | CRITICAL | RansomwareDetector.Watcher | 🚨 CANARY SUPPRIMÉ : C:\Users\Public\hr_employee_list.csv
2026-04-20 23:50:31,902 | CRITICAL | RansomwareDetector.Watcher | 🚨 CANARY TOUCHÉ [MODIFIED] : C:\Users\Public\vpn_config_backup.ovpn
2026-04-20 23:50:31,903 | CRITICAL | RansomwareDetector.Watcher | 🚨 CANARY SUPPRIMÉ : C:\Users\Public\vpn_config_backup.ovpn
2026-04-20 23:50:31,909 | CRITICAL | RansomwareDetector.Watcher | 🚨 CANARY TOUCHÉ [MODIFIED] : C:\Users\Public\tax_declaration_2023.pdf
2026-04-20 23:50:31,912 | CRITICAL | RansomwareDetector.Watcher | 🚨 CANARY SUPPRIMÉ : C:\Users\Public\tax_declaration_2023.pdf
2026-04-20 23:50:31,915 | CRITICAL | RansomwareDetector.Watcher | 🚨 CANARY TOUCHÉ [MODIFIED] : C:\Users\Public\ssh_id_rsa
2026-04-20 23:50:31,918 | CRITICAL | RansomwareDetector.Watcher | 🚨 CANARY SUPPRIMÉ : C:\Users\Public\ssh_id_rsa
2026-04-20 23:50:31,923 | CRITICAL | RansomwareDetector.Watcher | 🚨 CANARY TOUCHÉ [MODIFIED] : C:\Users\Public\wallet_backup.dat
2026-04-20 23:50:31,928 | CRITICAL | RansomwareDetector.Watcher | 🚨 CANARY SUPPRIMÉ : C:\Users\Public\wallet_backup.dat
2026-04-20 23:50:54,918 | INFO     | RansomwareDetector | 🏋️  Entraînement du modèle ML (première fois)…
2026-04-20 23:50:57,173 | INFO     | RansomwareDetector | ✅ Modèle entraîné — F1=100.0% | Recall=100.0%
2026-04-20 23:50:57,175 | INFO     | RansomwareDetector | ============================================================
2026-04-20 23:50:57,178 | INFO     | RansomwareDetector |   🛡  RansomwareDetector — Démarrage
2026-04-20 23:50:57,180 | INFO     | RansomwareDetector | ============================================================
2026-04-20 23:50:57,182 | INFO     | RansomwareDetector | 🪤 Déploiement des fichiers canary…
2026-04-20 23:50:57,189 | WARNING  | RansomwareDetector.Watcher | ⚠️  MASSE : 50 fichiers modifiés en 60s (0.83/sec)
2026-04-20 23:50:57,189 | WARNING  | RansomwareDetector.Watcher | ⚠️  MASSE : 50 fichiers modifiés en 60s (0.83/sec)
2026-04-20 23:50:57,219 | CRITICAL | RansomwareDetector | 💀 [EMERGENCY] 💀 CHIFFREMENT DE MASSE DÉTECTÉ — 50 fichiers modifiés en 60s (0.8 fichiers/sec) — Isolation recommandée
2026-04-20 23:50:57,222 | CRITICAL | RansomwareDetector | 💀 [EMERGENCY] 💀 CHIFFREMENT DE MASSE DÉTECTÉ — 50 fichiers modifiés en 60s (0.8 fichiers/sec) — Isolation recommandée
2026-04-20 23:50:57,328 | WARNING  | RansomwareDetector.Watcher | ⚠️  MASSE : 51 fichiers modifiés en 60s (0.85/sec)
2026-04-20 23:50:57,334 | CRITICAL | RansomwareDetector | 💀 [EMERGENCY] 💀 CHIFFREMENT DE MASSE DÉTECTÉ — 51 fichiers modifiés en 60s (0.8 fichiers/sec) — Isolation recommandée
2026-04-20 23:50:57,342 | WARNING  | RansomwareDetector.Watcher | ⚠️  MASSE : 52 fichiers modifiés en 60s (0.87/sec)
2026-04-20 23:50:57,347 | CRITICAL | RansomwareDetector | 💀 [EMERGENCY] 💀 CHIFFREMENT DE MASSE DÉTECTÉ — 52 fichiers modifiés en 60s (0.9 fichiers/sec) — Isolation recommandée
2026-04-20 23:50:57,352 | WARNING  | RansomwareDetector.Watcher | ⚠️  MASSE : 51 fichiers modifiés en 60s (0.85/sec)
2026-04-20 23:50:57,359 | WARNING  | RansomwareDetector.Watcher | ⚠️  MASSE : 53 fichiers modifiés en 60s (0.88/sec)
2026-04-20 23:50:57,365 | CRITICAL | RansomwareDetector | 💀 [EMERGENCY] 💀 CHIFFREMENT DE MASSE DÉTECTÉ — 53 fichiers modifiés en 60s (0.9 fichiers/sec) — Isolation recommandée
2026-04-20 23:50:57,364 | CRITICAL | RansomwareDetector | 💀 [EMERGENCY] 💀 CHIFFREMENT DE MASSE DÉTECTÉ — 51 fichiers modifiés en 60s (0.8 fichiers/sec) — Isolation recommandée
2026-04-20 23:50:57,373 | WARNING  | RansomwareDetector.Watcher | ⚠️  MASSE : 54 fichiers modifiés en 60s (0.90/sec)
2026-04-20 23:50:57,381 | CRITICAL | RansomwareDetector | 💀 [EMERGENCY] 💀 CHIFFREMENT DE MASSE DÉTECTÉ — 54 fichiers modifiés en 60s (0.9 fichiers/sec) — Isolation recommandée
2026-04-20 23:50:57,382 | WARNING  | RansomwareDetector.Watcher | ⚠️  MASSE : 52 fichiers modifiés en 60s (0.87/sec)
2026-04-20 23:50:57,388 | WARNING  | RansomwareDetector.Watcher | ⚠️  MASSE : 55 fichiers modifiés en 60s (0.92/sec)
2026-04-20 23:50:57,396 | CRITICAL | RansomwareDetector | 💀 [EMERGENCY] 💀 CHIFFREMENT DE MASSE DÉTECTÉ — 55 fichiers modifiés en 60s (0.9 fichiers/sec) — Isolation recommandée
2026-04-20 23:50:57,389 | CRITICAL | RansomwareDetector | 💀 [EMERGENCY] 💀 CHIFFREMENT DE MASSE DÉTECTÉ — 52 fichiers modifiés en 60s (0.9 fichiers/sec) — Isolation recommandée
2026-04-20 23:50:57,405 | WARNING  | RansomwareDetector.Watcher | ⚠️  MASSE : 56 fichiers modifiés en 60s (0.93/sec)
2026-04-20 23:50:57,409 | WARNING  | RansomwareDetector.Watcher | ⚠️  MASSE : 53 fichiers modifiés en 60s (0.88/sec)
2026-04-20 23:50:57,413 | CRITICAL | RansomwareDetector | 💀 [EMERGENCY] 💀 CHIFFREMENT DE MASSE DÉTECTÉ — 56 fichiers modifiés en 60s (0.9 fichiers/sec) — Isolation recommandée
2026-04-20 23:50:57,419 | WARNING  | RansomwareDetector.Watcher | ⚠️  MASSE : 57 fichiers modifiés en 60s (0.95/sec)
2026-04-20 23:50:57,416 | CRITICAL | RansomwareDetector | 💀 [EMERGENCY] 💀 CHIFFREMENT DE MASSE DÉTECTÉ — 53 fichiers modifiés en 60s (0.9 fichiers/sec) — Isolation recommandée
2026-04-20 23:50:57,424 | CRITICAL | RansomwareDetector | 💀 [EMERGENCY] 💀 CHIFFREMENT DE MASSE DÉTECTÉ — 57 fichiers modifiés en 60s (0.9 fichiers/sec) — Isolation recommandée
2026-04-20 23:50:57,433 | WARNING  | RansomwareDetector.Watcher | ⚠️  MASSE : 58 fichiers modifiés en 60s (0.97/sec)
2026-04-20 23:50:57,432 | WARNING  | RansomwareDetector.Watcher | ⚠️  MASSE : 54 fichiers modifiés en 60s (0.90/sec)
2026-04-20 23:50:57,438 | CRITICAL | RansomwareDetector | 💀 [EMERGENCY] 💀 CHIFFREMENT DE MASSE DÉTECTÉ — 58 fichiers modifiés en 60s (1.0 fichiers/sec) — Isolation recommandée
2026-04-20 23:50:57,439 | CRITICAL | RansomwareDetector | 💀 [EMERGENCY] 💀 CHIFFREMENT DE MASSE DÉTECTÉ — 54 fichiers modifiés en 60s (0.9 fichiers/sec) — Isolation recommandée
2026-04-20 23:50:57,454 | WARNING  | RansomwareDetector.Watcher | ⚠️  MASSE : 59 fichiers modifiés en 60s (0.98/sec)
2026-04-20 23:50:57,464 | CRITICAL | RansomwareDetector | 💀 [EMERGENCY] 💀 CHIFFREMENT DE MASSE DÉTECTÉ — 59 fichiers modifiés en 60s (1.0 fichiers/sec) — Isolation recommandée
2026-04-20 23:50:57,463 | WARNING  | RansomwareDetector.Watcher | ⚠️  MASSE : 55 fichiers modifiés en 60s (0.92/sec)
2026-04-20 23:50:57,469 | WARNING  | RansomwareDetector.Watcher | ⚠️  MASSE : 60 fichiers modifiés en 60s (1.00/sec)
2026-04-20 23:50:57,477 | CRITICAL | RansomwareDetector | 💀 [EMERGENCY] 💀 CHIFFREMENT DE MASSE DÉTECTÉ — 60 fichiers modifiés en 60s (1.0 fichiers/sec) — Isolation recommandée
2026-04-20 23:50:57,468 | CRITICAL | RansomwareDetector | 💀 [EMERGENCY] 💀 CHIFFREMENT DE MASSE DÉTECTÉ — 55 fichiers modifiés en 60s (0.9 fichiers/sec) — Isolation recommandée
2026-04-20 23:50:57,484 | WARNING  | RansomwareDetector.Watcher | ⚠️  MASSE : 61 fichiers modifiés en 60s (1.02/sec)
2026-04-20 23:50:57,491 | CRITICAL | RansomwareDetector | 💀 [EMERGENCY] 💀 CHIFFREMENT DE MASSE DÉTECTÉ — 61 fichiers modifiés en 60s (1.0 fichiers/sec) — Isolation recommandée
2026-04-20 23:50:57,491 | WARNING  | RansomwareDetector.Watcher | ⚠️  MASSE : 56 fichiers modifiés en 60s (0.93/sec)
2026-04-20 23:50:57,497 | WARNING  | RansomwareDetector.Watcher | ⚠️  MASSE : 62 fichiers modifiés en 60s (1.03/sec)
2026-04-20 23:50:57,502 | CRITICAL | RansomwareDetector | 💀 [EMERGENCY] 💀 CHIFFREMENT DE MASSE DÉTECTÉ — 62 fichiers modifiés en 60s (1.0 fichiers/sec) — Isolation recommandée
2026-04-20 23:50:57,497 | CRITICAL | RansomwareDetector | 💀 [EMERGENCY] 💀 CHIFFREMENT DE MASSE DÉTECTÉ — 56 fichiers modifiés en 60s (0.9 fichiers/sec) — Isolation recommandée
2026-04-20 23:50:57,510 | WARNING  | RansomwareDetector.Watcher | ⚠️  MASSE : 63 fichiers modifiés en 60s (1.05/sec)
2026-04-20 23:50:57,516 | CRITICAL | RansomwareDetector | 💀 [EMERGENCY] 💀 CHIFFREMENT DE MASSE DÉTECTÉ — 63 fichiers modifiés en 60s (1.1 fichiers/sec) — Isolation recommandée
2026-04-20 23:50:57,516 | WARNING  | RansomwareDetector.Watcher | ⚠️  MASSE : 57 fichiers modifiés en 60s (0.95/sec)
2026-04-20 23:50:57,526 | WARNING  | RansomwareDetector.Watcher | ⚠️  MASSE : 64 fichiers modifiés en 60s (1.07/sec)
2026-04-20 23:50:57,529 | CRITICAL | RansomwareDetector | 💀 [EMERGENCY] 💀 CHIFFREMENT DE MASSE DÉTECTÉ — 64 fichiers modifiés en 60s (1.1 fichiers/sec) — Isolation recommandée
2026-04-20 23:50:57,528 | CRITICAL | RansomwareDetector | 💀 [EMERGENCY] 💀 CHIFFREMENT DE MASSE DÉTECTÉ — 57 fichiers modifiés en 60s (0.9 fichiers/sec) — Isolation recommandée
2026-04-20 23:50:57,536 | WARNING  | RansomwareDetector.Watcher | ⚠️  MASSE : 65 fichiers modifiés en 60s (1.08/sec)
2026-04-20 23:50:57,540 | CRITICAL | RansomwareDetector | 💀 [EMERGENCY] 💀 CHIFFREMENT DE MASSE DÉTECTÉ — 65 fichiers modifiés en 60s (1.1 fichiers/sec) — Isolation recommandée
2026-04-20 23:50:57,539 | WARNING  | RansomwareDetector.Watcher | ⚠️  MASSE : 58 fichiers modifiés en 60s (0.97/sec)
2026-04-20 23:50:57,545 | WARNING  | RansomwareDetector.Watcher | ⚠️  MASSE : 66 fichiers modifiés en 60s (1.10/sec)
2026-04-20 23:50:57,549 | CRITICAL | RansomwareDetector | 💀 [EMERGENCY] 💀 CHIFFREMENT DE MASSE DÉTECTÉ — 66 fichiers modifiés en 60s (1.1 fichiers/sec) — Isolation recommandée
2026-04-20 23:50:57,546 | CRITICAL | RansomwareDetector | 💀 [EMERGENCY] 💀 CHIFFREMENT DE MASSE DÉTECTÉ — 58 fichiers modifiés en 60s (1.0 fichiers/sec) — Isolation recommandée
2026-04-20 23:50:57,561 | WARNING  | RansomwareDetector.Watcher | ⚠️  MASSE : 67 fichiers modifiés en 60s (1.12/sec)
2026-04-20 23:50:57,569 | CRITICAL | RansomwareDetector | 💀 [EMERGENCY] 💀 CHIFFREMENT DE MASSE DÉTECTÉ — 67 fichiers modifiés en 60s (1.1 fichiers/sec) — Isolation recommandée
2026-04-20 23:50:57,568 | WARNING  | RansomwareDetector.Watcher | ⚠️  MASSE : 59 fichiers modifiés en 60s (0.98/sec)
2026-04-20 23:50:57,574 | WARNING  | RansomwareDetector.Watcher | ⚠️  MASSE : 68 fichiers modifiés en 60s (1.13/sec)
2026-04-20 23:50:57,578 | CRITICAL | RansomwareDetector | 💀 [EMERGENCY] 💀 CHIFFREMENT DE MASSE DÉTECTÉ — 68 fichiers modifiés en 60s (1.1 fichiers/sec) — Isolation recommandée
2026-04-20 23:50:57,577 | CRITICAL | RansomwareDetector | 💀 [EMERGENCY] 💀 CHIFFREMENT DE MASSE DÉTECTÉ — 59 fichiers modifiés en 60s (1.0 fichiers/sec) — Isolation recommandée
2026-04-20 23:50:57,587 | WARNING  | RansomwareDetector.Watcher | ⚠️  MASSE : 69 fichiers modifiés en 60s (1.15/sec)
2026-04-20 23:50:57,596 | CRITICAL | RansomwareDetector | 💀 [EMERGENCY] 💀 CHIFFREMENT DE MASSE DÉTECTÉ — 69 fichiers modifiés en 60s (1.1 fichiers/sec) — Isolation recommandée
2026-04-20 23:50:57,595 | WARNING  | RansomwareDetector.Watcher | ⚠️  MASSE : 60 fichiers modifiés en 60s (1.00/sec)
2026-04-20 23:50:57,604 | WARNING  | RansomwareDetector.Watcher | ⚠️  MASSE : 70 fichiers modifiés en 60s (1.17/sec)
2026-04-20 23:50:57,608 | CRITICAL | RansomwareDetector | 💀 [EMERGENCY] 💀 CHIFFREMENT DE MASSE DÉTECTÉ — 70 fichiers modifiés en 60s (1.2 fichiers/sec) — Isolation recommandée
2026-04-20 23:50:57,603 | CRITICAL | RansomwareDetector | 💀 [EMERGENCY] 💀 CHIFFREMENT DE MASSE DÉTECTÉ — 60 fichiers modifiés en 60s (1.0 fichiers/sec) — Isolation recommandée
2026-04-20 23:50:57,610 | CRITICAL | RansomwareDetector.Watcher | 🚨 CANARY TOUCHÉ [CREATED] : C:\Users\Nouar\Desktop\passwords_backup.txt
2026-04-20 23:50:57,613 | WARNING  | RansomwareDetector.Watcher | ⚠️  MASSE : 71 fichiers modifiés en 60s (1.18/sec)
2026-04-20 23:50:57,616 | CRITICAL | RansomwareDetector.Watcher | 🚨 CANARY TOUCHÉ [MODIFIED] : C:\Users\Nouar\Desktop\passwords_backup.txt
2026-04-20 23:50:57,616 | WARNING  | RansomwareDetector.Watcher | ⚠️  MASSE : 61 fichiers modifiés en 60s (1.02/sec)
2026-04-20 23:50:57,620 | WARNING  | RansomwareDetector.Watcher | ⚠️  MASSE : 50 fichiers modifiés en 60s (0.83/sec)
2026-04-20 23:50:57,618 | CRITICAL | RansomwareDetector | 💀 [EMERGENCY] 💀 CHIFFREMENT DE MASSE DÉTECTÉ — 71 fichiers modifiés en 60s (1.2 fichiers/sec) — Isolation recommandée
2026-04-20 23:50:57,625 | CRITICAL | RansomwareDetector | 💀 [EMERGENCY] 💀 CHIFFREMENT DE MASSE DÉTECTÉ — 50 fichiers modifiés en 60s (0.8 fichiers/sec) — Isolation recommandée
2026-04-20 23:50:57,630 | WARNING  | RansomwareDetector.Watcher | ⚠️  MASSE : 72 fichiers modifiés en 60s (1.20/sec)
2026-04-20 23:50:57,632 | CRITICAL | RansomwareDetector | 🚨 CANARY [CREATED] passwords_backup.txt | Entropie : 5.25 bits (baseline=5.25, Δ=+0.00)
2026-04-20 23:50:57,633 | CRITICAL | RansomwareDetector | 💀 [EMERGENCY] 💀 CHIFFREMENT DE MASSE DÉTECTÉ — 72 fichiers modifiés en 60s (1.2 fichiers/sec) — Isolation recommandée
2026-04-20 23:50:57,621 | CRITICAL | RansomwareDetector | 💀 [EMERGENCY] 💀 CHIFFREMENT DE MASSE DÉTECTÉ — 61 fichiers modifiés en 60s (1.0 fichiers/sec) — Isolation recommandée
2026-04-20 23:50:57,636 | CRITICAL | RansomwareDetector | 🚨 CANARY [MODIFIED] passwords_backup.txt | Entropie : 5.25 bits (baseline=5.25, Δ=+0.00)
2026-04-20 23:50:57,639 | WARNING  | RansomwareDetector.Watcher | ⚠️  MASSE : 73 fichiers modifiés en 60s (1.22/sec)
2026-04-20 23:50:57,640 | WARNING  | RansomwareDetector.Watcher | ⚠️  MASSE : 62 fichiers modifiés en 60s (1.03/sec)
2026-04-20 23:50:57,637 | WARNING  | RansomwareDetector.Watcher | ⚠️  MASSE : 51 fichiers modifiés en 60s (0.85/sec)
2026-04-20 23:50:57,645 | CRITICAL | RansomwareDetector | 💀 [EMERGENCY] 💀 CHIFFREMENT DE MASSE DÉTECTÉ — 73 fichiers modifiés en 60s (1.2 fichiers/sec) — Isolation recommandée
2026-04-20 23:50:57,651 | WARNING  | RansomwareDetector.Watcher | ⚠️  MASSE : 74 fichiers modifiés en 60s (1.23/sec)
2026-04-20 23:50:57,650 | CRITICAL | RansomwareDetector | 💀 [EMERGENCY] 💀 CHIFFREMENT DE MASSE DÉTECTÉ — 51 fichiers modifiés en 60s (0.8 fichiers/sec) — Isolation recommandée
2026-04-20 23:50:57,654 | CRITICAL | RansomwareDetector | 💀 [EMERGENCY] 💀 CHIFFREMENT DE MASSE DÉTECTÉ — 74 fichiers modifiés en 60s (1.2 fichiers/sec) — Isolation recommandée
2026-04-20 23:50:57,647 | CRITICAL | RansomwareDetector | 💀 [EMERGENCY] 💀 CHIFFREMENT DE MASSE DÉTECTÉ — 62 fichiers modifiés en 60s (1.0 fichiers/sec) — Isolation recommandée
2026-04-20 23:50:57,661 | CRITICAL | RansomwareDetector.Watcher | 🚨 CANARY TOUCHÉ [MODIFIED] : C:\Users\Nouar\Desktop\passwords_backup.txt
2026-04-20 23:50:57,663 | WARNING  | RansomwareDetector.Watcher | ⚠️  MASSE : 75 fichiers modifiés en 60s (1.25/sec)
2026-04-20 23:50:57,666 | WARNING  | RansomwareDetector.Watcher | ⚠️  MASSE : 52 fichiers modifiés en 60s (0.87/sec)
2026-04-20 23:50:57,664 | WARNING  | RansomwareDetector.Watcher | ⚠️  MASSE : 63 fichiers modifiés en 60s (1.05/sec)
2026-04-20 23:50:57,666 | CRITICAL | RansomwareDetector | 💀 [EMERGENCY] 💀 CHIFFREMENT DE MASSE DÉTECTÉ — 75 fichiers modifiés en 60s (1.2 fichiers/sec) — Isolation recommandée
2026-04-20 23:50:57,670 | CRITICAL | RansomwareDetector | 💀 [EMERGENCY] 💀 CHIFFREMENT DE MASSE DÉTECTÉ — 52 fichiers modifiés en 60s (0.9 fichiers/sec) — Isolation recommandée
2026-04-20 23:50:57,676 | WARNING  | RansomwareDetector.Watcher | ⚠️  MASSE : 76 fichiers modifiés en 60s (1.27/sec)
2026-04-20 23:50:57,682 | CRITICAL | RansomwareDetector | 💀 [EMERGENCY] 💀 CHIFFREMENT DE MASSE DÉTECTÉ — 76 fichiers modifiés en 60s (1.3 fichiers/sec) — Isolation recommandée
2026-04-20 23:50:57,682 | WARNING  | RansomwareDetector.Watcher | ⚠️  MASSE : 53 fichiers modifiés en 60s (0.88/sec)
2026-04-20 23:50:57,670 | CRITICAL | RansomwareDetector | 💀 [EMERGENCY] 💀 CHIFFREMENT DE MASSE DÉTECTÉ — 63 fichiers modifiés en 60s (1.1 fichiers/sec) — Isolation recommandée
2026-04-20 23:50:57,687 | WARNING  | RansomwareDetector.Watcher | ⚠️  MASSE : 77 fichiers modifiés en 60s (1.28/sec)
2026-04-20 23:50:57,687 | CRITICAL | RansomwareDetector | 💀 [EMERGENCY] 💀 CHIFFREMENT DE MASSE DÉTECTÉ — 53 fichiers modifiés en 60s (0.9 fichiers/sec) — Isolation recommandée
2026-04-20 23:50:57,692 | CRITICAL | RansomwareDetector | 💀 [EMERGENCY] 💀 CHIFFREMENT DE MASSE DÉTECTÉ — 77 fichiers modifiés en 60s (1.3 fichiers/sec) — Isolation recommandée
2026-04-20 23:50:57,692 | WARNING  | RansomwareDetector.Watcher | ⚠️  MASSE : 64 fichiers modifiés en 60s (1.07/sec)
2026-04-20 23:50:57,695 | WARNING  | RansomwareDetector.Watcher | ⚠️  MASSE : 54 fichiers modifiés en 60s (0.90/sec)
2026-04-20 23:50:57,697 | WARNING  | RansomwareDetector.Watcher | ⚠️  MASSE : 78 fichiers modifiés en 60s (1.30/sec)
2026-04-20 23:50:57,700 | CRITICAL | RansomwareDetector | 💀 [EMERGENCY] 💀 CHIFFREMENT DE MASSE DÉTECTÉ — 78 fichiers modifiés en 60s (1.3 fichiers/sec) — Isolation recommandée
2026-04-20 23:50:57,700 | CRITICAL | RansomwareDetector | 💀 [EMERGENCY] 💀 CHIFFREMENT DE MASSE DÉTECTÉ — 54 fichiers modifiés en 60s (0.9 fichiers/sec) — Isolation recommandée
2026-04-20 23:50:57,697 | CRITICAL | RansomwareDetector | 💀 [EMERGENCY] 💀 CHIFFREMENT DE MASSE DÉTECTÉ — 64 fichiers modifiés en 60s (1.1 fichiers/sec) — Isolation recommandée
2026-04-20 23:50:57,708 | WARNING  | RansomwareDetector.Watcher | ⚠️  MASSE : 65 fichiers modifiés en 60s (1.08/sec)
2026-04-20 23:50:57,709 | WARNING  | RansomwareDetector.Watcher | ⚠️  MASSE : 55 fichiers modifiés en 60s (0.92/sec)
2026-04-20 23:50:57,722 | WARNING  | RansomwareDetector.Watcher | ⚠️  MASSE : 79 fichiers modifiés en 60s (1.32/sec)
2026-04-20 23:50:57,715 | CRITICAL | RansomwareDetector | 💀 [EMERGENCY] 💀 CHIFFREMENT DE MASSE DÉTECTÉ — 55 fichiers modifiés en 60s (0.9 fichiers/sec) — Isolation recommandée
2026-04-20 23:50:57,726 | CRITICAL | RansomwareDetector | 💀 [EMERGENCY] 💀 CHIFFREMENT DE MASSE DÉTECTÉ — 79 fichiers modifiés en 60s (1.3 fichiers/sec) — Isolation recommandée
2026-04-20 23:50:57,733 | WARNING  | RansomwareDetector.Watcher | ⚠️  MASSE : 56 fichiers modifiés en 60s (0.93/sec)
2026-04-20 23:50:57,742 | WARNING  | RansomwareDetector.Watcher | ⚠️  MASSE : 80 fichiers modifiés en 60s (1.33/sec)
2026-04-20 23:50:57,743 | CRITICAL | RansomwareDetector | 💀 [EMERGENCY] 💀 CHIFFREMENT DE MASSE DÉTECTÉ — 56 fichiers modifiés en 60s (0.9 fichiers/sec) — Isolation recommandée
2026-04-20 23:50:57,746 | CRITICAL | RansomwareDetector | 💀 [EMERGENCY] 💀 CHIFFREMENT DE MASSE DÉTECTÉ — 80 fichiers modifiés en 60s (1.3 fichiers/sec) — Isolation recommandée
2026-04-20 23:50:57,762 | WARNING  | RansomwareDetector.Watcher | ⚠️  MASSE : 57 fichiers modifiés en 60s (0.95/sec)
2026-04-20 23:50:57,768 | CRITICAL | RansomwareDetector | 💀 [EMERGENCY] 💀 CHIFFREMENT DE MASSE DÉTECTÉ — 57 fichiers modifiés en 60s (0.9 fichiers/sec) — Isolation recommandée
2026-04-20 23:50:57,780 | CRITICAL | RansomwareDetector.Watcher | 🚨 CANARY TOUCHÉ [MODIFIED] : C:\Users\Nouar\Desktop\passwords_backup.txt
2026-04-20 23:50:57,791 | WARNING  | RansomwareDetector.Watcher | ⚠️  MASSE : 58 fichiers modifiés en 60s (0.97/sec)
2026-04-20 23:50:57,796 | WARNING  | RansomwareDetector.Watcher | ⚠️  MASSE : 81 fichiers modifiés en 60s (1.35/sec)
2026-04-20 23:50:57,852 | CRITICAL | RansomwareDetector.Watcher | 🚨 CANARY TOUCHÉ [CREATED] : C:\Users\Nouar\Desktop\passwords_backup.txt
2026-04-20 23:50:57,713 | CRITICAL | RansomwareDetector | 💀 [EMERGENCY] 💀 CHIFFREMENT DE MASSE DÉTECTÉ — 65 fichiers modifiés en 60s (1.1 fichiers/sec) — Isolation recommandée
2026-04-20 23:50:57,879 | WARNING  | RansomwareDetector.Watcher | ⚠️  MASSE : 66 fichiers modifiés en 60s (1.10/sec)
2026-04-20 23:50:57,886 | CRITICAL | RansomwareDetector | 💀 [EMERGENCY] 💀 CHIFFREMENT DE MASSE DÉTECTÉ — 66 fichiers modifiés en 60s (1.1 fichiers/sec) — Isolation recommandée
2026-04-20 23:50:57,901 | WARNING  | RansomwareDetector.Watcher | ⚠️  MASSE : 67 fichiers modifiés en 60s (1.12/sec)
2026-04-20 23:50:57,905 | CRITICAL | RansomwareDetector | 💀 [EMERGENCY] 💀 CHIFFREMENT DE MASSE DÉTECTÉ — 67 fichiers modifiés en 60s (1.1 fichiers/sec) — Isolation recommandée
2026-04-20 23:50:57,925 | WARNING  | RansomwareDetector.Watcher | ⚠️  MASSE : 68 fichiers modifiés en 60s (1.13/sec)
2026-04-20 23:50:57,938 | CRITICAL | RansomwareDetector | 💀 [EMERGENCY] 💀 CHIFFREMENT DE MASSE DÉTECTÉ — 68 fichiers modifiés en 60s (1.1 fichiers/sec) — Isolation recommandée
2026-04-20 23:50:57,799 | CRITICAL | RansomwareDetector | 💀 [EMERGENCY] 💀 CHIFFREMENT DE MASSE DÉTECTÉ — 81 fichiers modifiés en 60s (1.4 fichiers/sec) — Isolation recommandée
2026-04-20 23:50:57,952 | WARNING  | RansomwareDetector.Watcher | ⚠️  MASSE : 82 fichiers modifiés en 60s (1.37/sec)
2026-04-20 23:50:57,958 | CRITICAL | RansomwareDetector | 💀 [EMERGENCY] 💀 CHIFFREMENT DE MASSE DÉTECTÉ — 82 fichiers modifiés en 60s (1.4 fichiers/sec) — Isolation recommandée
2026-04-20 23:50:57,952 | WARNING  | RansomwareDetector.Watcher | ⚠️  MASSE : 69 fichiers modifiés en 60s (1.15/sec)
2026-04-20 23:50:57,965 | WARNING  | RansomwareDetector.Watcher | ⚠️  MASSE : 83 fichiers modifiés en 60s (1.38/sec)
2026-04-20 23:50:57,969 | CRITICAL | RansomwareDetector | 💀 [EMERGENCY] 💀 CHIFFREMENT DE MASSE DÉTECTÉ — 83 fichiers modifiés en 60s (1.4 fichiers/sec) — Isolation recommandée
2026-04-20 23:50:57,963 | CRITICAL | RansomwareDetector | 💀 [EMERGENCY] 💀 CHIFFREMENT DE MASSE DÉTECTÉ — 69 fichiers modifiés en 60s (1.1 fichiers/sec) — Isolation recommandée
2026-04-20 23:50:57,975 | WARNING  | RansomwareDetector.Watcher | ⚠️  MASSE : 84 fichiers modifiés en 60s (1.40/sec)
2026-04-20 23:50:57,979 | CRITICAL | RansomwareDetector | 💀 [EMERGENCY] 💀 CHIFFREMENT DE MASSE DÉTECTÉ — 84 fichiers modifiés en 60s (1.4 fichiers/sec) — Isolation recommandée
2026-04-20 23:50:57,975 | WARNING  | RansomwareDetector.Watcher | ⚠️  MASSE : 70 fichiers modifiés en 60s (1.17/sec)
2026-04-20 23:50:57,986 | WARNING  | RansomwareDetector.Watcher | ⚠️  MASSE : 85 fichiers modifiés en 60s (1.42/sec)
2026-04-20 23:50:57,990 | CRITICAL | RansomwareDetector | 💀 [EMERGENCY] 💀 CHIFFREMENT DE MASSE DÉTECTÉ — 85 fichiers modifiés en 60s (1.4 fichiers/sec) — Isolation recommandée
2026-04-20 23:50:57,985 | CRITICAL | RansomwareDetector | 💀 [EMERGENCY] 💀 CHIFFREMENT DE MASSE DÉTECTÉ — 70 fichiers modifiés en 60s (1.2 fichiers/sec) — Isolation recommandée
2026-04-20 23:50:57,994 | WARNING  | RansomwareDetector.Watcher | ⚠️  MASSE : 86 fichiers modifiés en 60s (1.43/sec)
2026-04-20 23:50:57,996 | WARNING  | RansomwareDetector.Watcher | ⚠️  MASSE : 71 fichiers modifiés en 60s (1.18/sec)
2026-04-20 23:50:57,999 | CRITICAL | RansomwareDetector | 💀 [EMERGENCY] 💀 CHIFFREMENT DE MASSE DÉTECTÉ — 86 fichiers modifiés en 60s (1.4 fichiers/sec) — Isolation recommandée
2026-04-20 23:50:58,004 | WARNING  | RansomwareDetector.Watcher | ⚠️  MASSE : 87 fichiers modifiés en 60s (1.45/sec)
2026-04-20 23:50:58,001 | CRITICAL | RansomwareDetector | 💀 [EMERGENCY] 💀 CHIFFREMENT DE MASSE DÉTECTÉ — 71 fichiers modifiés en 60s (1.2 fichiers/sec) — Isolation recommandée
2026-04-20 23:50:58,007 | CRITICAL | RansomwareDetector | 💀 [EMERGENCY] 💀 CHIFFREMENT DE MASSE DÉTECTÉ — 87 fichiers modifiés en 60s (1.4 fichiers/sec) — Isolation recommandée
2026-04-20 23:50:58,013 | WARNING  | RansomwareDetector.Watcher | ⚠️  MASSE : 88 fichiers modifiés en 60s (1.47/sec)
2026-04-20 23:50:58,013 | WARNING  | RansomwareDetector.Watcher | ⚠️  MASSE : 72 fichiers modifiés en 60s (1.20/sec)
2026-04-20 23:50:58,017 | CRITICAL | RansomwareDetector | 💀 [EMERGENCY] 💀 CHIFFREMENT DE MASSE DÉTECTÉ — 88 fichiers modifiés en 60s (1.5 fichiers/sec) — Isolation recommandée
2026-04-20 23:50:58,024 | WARNING  | RansomwareDetector.Watcher | ⚠️  MASSE : 89 fichiers modifiés en 60s (1.48/sec)
2026-04-20 23:50:58,017 | CRITICAL | RansomwareDetector | 💀 [EMERGENCY] 💀 CHIFFREMENT DE MASSE DÉTECTÉ — 72 fichiers modifiés en 60s (1.2 fichiers/sec) — Isolation recommandée
2026-04-20 23:50:58,027 | CRITICAL | RansomwareDetector | 💀 [EMERGENCY] 💀 CHIFFREMENT DE MASSE DÉTECTÉ — 89 fichiers modifiés en 60s (1.5 fichiers/sec) — Isolation recommandée
2026-04-20 23:50:58,028 | WARNING  | RansomwareDetector.Watcher | ⚠️  MASSE : 73 fichiers modifiés en 60s (1.22/sec)
2026-04-20 23:50:58,032 | WARNING  | RansomwareDetector.Watcher | ⚠️  MASSE : 90 fichiers modifiés en 60s (1.50/sec)
2026-04-20 23:50:58,034 | CRITICAL | RansomwareDetector | 💀 [EMERGENCY] 💀 CHIFFREMENT DE MASSE DÉTECTÉ — 90 fichiers modifiés en 60s (1.5 fichiers/sec) — Isolation recommandée
2026-04-20 23:50:58,034 | CRITICAL | RansomwareDetector | 💀 [EMERGENCY] 💀 CHIFFREMENT DE MASSE DÉTECTÉ — 73 fichiers modifiés en 60s (1.2 fichiers/sec) — Isolation recommandée
2026-04-20 23:50:58,040 | WARNING  | RansomwareDetector.Watcher | ⚠️  MASSE : 91 fichiers modifiés en 60s (1.52/sec)
2026-04-20 23:50:58,043 | WARNING  | RansomwareDetector.Watcher | ⚠️  MASSE : 74 fichiers modifiés en 60s (1.23/sec)
2026-04-20 23:50:58,044 | CRITICAL | RansomwareDetector | 💀 [EMERGENCY] 💀 CHIFFREMENT DE MASSE DÉTECTÉ — 91 fichiers modifiés en 60s (1.5 fichiers/sec) — Isolation recommandée
2026-04-20 23:50:58,049 | WARNING  | RansomwareDetector.Watcher | ⚠️  MASSE : 92 fichiers modifiés en 60s (1.53/sec)
2026-04-20 23:50:58,052 | CRITICAL | RansomwareDetector | 💀 [EMERGENCY] 💀 CHIFFREMENT DE MASSE DÉTECTÉ — 92 fichiers modifiés en 60s (1.5 fichiers/sec) — Isolation recommandée
2026-04-20 23:50:58,047 | CRITICAL | RansomwareDetector | 💀 [EMERGENCY] 💀 CHIFFREMENT DE MASSE DÉTECTÉ — 74 fichiers modifiés en 60s (1.2 fichiers/sec) — Isolation recommandée
2026-04-20 23:50:58,059 | WARNING  | RansomwareDetector.Watcher | ⚠️  MASSE : 93 fichiers modifiés en 60s (1.55/sec)
2026-04-20 23:50:58,060 | WARNING  | RansomwareDetector.Watcher | ⚠️  MASSE : 75 fichiers modifiés en 60s (1.25/sec)
2026-04-20 23:50:58,063 | CRITICAL | RansomwareDetector | 💀 [EMERGENCY] 💀 CHIFFREMENT DE MASSE DÉTECTÉ — 93 fichiers modifiés en 60s (1.6 fichiers/sec) — Isolation recommandée
2026-04-20 23:50:58,072 | WARNING  | RansomwareDetector.Watcher | ⚠️  MASSE : 94 fichiers modifiés en 60s (1.57/sec)
2026-04-20 23:50:58,066 | CRITICAL | RansomwareDetector | 💀 [EMERGENCY] 💀 CHIFFREMENT DE MASSE DÉTECTÉ — 75 fichiers modifiés en 60s (1.2 fichiers/sec) — Isolation recommandée
2026-04-20 23:50:58,075 | CRITICAL | RansomwareDetector | 💀 [EMERGENCY] 💀 CHIFFREMENT DE MASSE DÉTECTÉ — 94 fichiers modifiés en 60s (1.6 fichiers/sec) — Isolation recommandée
2026-04-20 23:50:58,084 | WARNING  | RansomwareDetector.Watcher | ⚠️  MASSE : 95 fichiers modifiés en 60s (1.58/sec)
2026-04-20 23:50:58,079 | WARNING  | RansomwareDetector.Watcher | ⚠️  MASSE : 76 fichiers modifiés en 60s (1.27/sec)
2026-04-20 23:50:58,088 | CRITICAL | RansomwareDetector | 💀 [EMERGENCY] 💀 CHIFFREMENT DE MASSE DÉTECTÉ — 95 fichiers modifiés en 60s (1.6 fichiers/sec) — Isolation recommandée
2026-04-20 23:50:58,092 | CRITICAL | RansomwareDetector | 💀 [EMERGENCY] 💀 CHIFFREMENT DE MASSE DÉTECTÉ — 76 fichiers modifiés en 60s (1.3 fichiers/sec) — Isolation recommandée
2026-04-20 23:50:58,105 | WARNING  | RansomwareDetector.Watcher | ⚠️  MASSE : 77 fichiers modifiés en 60s (1.28/sec)
2026-04-20 23:50:58,111 | CRITICAL | RansomwareDetector | 💀 [EMERGENCY] 💀 CHIFFREMENT DE MASSE DÉTECTÉ — 77 fichiers modifiés en 60s (1.3 fichiers/sec) — Isolation recommandée
2026-04-20 23:50:58,120 | WARNING  | RansomwareDetector.Watcher | ⚠️  MASSE : 78 fichiers modifiés en 60s (1.30/sec)
2026-04-20 23:50:58,126 | CRITICAL | RansomwareDetector | 💀 [EMERGENCY] 💀 CHIFFREMENT DE MASSE DÉTECTÉ — 78 fichiers modifiés en 60s (1.3 fichiers/sec) — Isolation recommandée
2026-04-20 23:50:58,135 | WARNING  | RansomwareDetector.Watcher | ⚠️  MASSE : 79 fichiers modifiés en 60s (1.32/sec)
2026-04-20 23:50:58,140 | CRITICAL | RansomwareDetector | 💀 [EMERGENCY] 💀 CHIFFREMENT DE MASSE DÉTECTÉ — 79 fichiers modifiés en 60s (1.3 fichiers/sec) — Isolation recommandée
2026-04-20 23:50:58,146 | WARNING  | RansomwareDetector.Watcher | ⚠️  MASSE : 80 fichiers modifiés en 60s (1.33/sec)
2026-04-20 23:50:58,152 | CRITICAL | RansomwareDetector | 💀 [EMERGENCY] 💀 CHIFFREMENT DE MASSE DÉTECTÉ — 80 fichiers modifiés en 60s (1.3 fichiers/sec) — Isolation recommandée
2026-04-20 23:50:58,159 | WARNING  | RansomwareDetector.Watcher | ⚠️  MASSE : 81 fichiers modifiés en 60s (1.35/sec)
2026-04-20 23:50:58,165 | CRITICAL | RansomwareDetector | 💀 [EMERGENCY] 💀 CHIFFREMENT DE MASSE DÉTECTÉ — 81 fichiers modifiés en 60s (1.4 fichiers/sec) — Isolation recommandée
2026-04-20 23:50:58,174 | WARNING  | RansomwareDetector.Watcher | ⚠️  MASSE : 82 fichiers modifiés en 60s (1.37/sec)
2026-04-20 23:50:58,179 | CRITICAL | RansomwareDetector | 💀 [EMERGENCY] 💀 CHIFFREMENT DE MASSE DÉTECTÉ — 82 fichiers modifiés en 60s (1.4 fichiers/sec) — Isolation recommandée
2026-04-20 23:50:58,188 | WARNING  | RansomwareDetector.Watcher | ⚠️  MASSE : 83 fichiers modifiés en 60s (1.38/sec)
2026-04-20 23:50:58,192 | CRITICAL | RansomwareDetector | 💀 [EMERGENCY] 💀 CHIFFREMENT DE MASSE DÉTECTÉ — 83 fichiers modifiés en 60s (1.4 fichiers/sec) — Isolation recommandée
2026-04-20 23:50:58,202 | WARNING  | RansomwareDetector.Watcher | ⚠️  MASSE : 84 fichiers modifiés en 60s (1.40/sec)
2026-04-20 23:50:58,208 | CRITICAL | RansomwareDetector | 💀 [EMERGENCY] 💀 CHIFFREMENT DE MASSE DÉTECTÉ — 84 fichiers modifiés en 60s (1.4 fichiers/sec) — Isolation recommandée
2026-04-20 23:50:58,216 | WARNING  | RansomwareDetector.Watcher | ⚠️  MASSE : 85 fichiers modifiés en 60s (1.42/sec)
2026-04-20 23:50:58,222 | CRITICAL | RansomwareDetector | 💀 [EMERGENCY] 💀 CHIFFREMENT DE MASSE DÉTECTÉ — 85 fichiers modifiés en 60s (1.4 fichiers/sec) — Isolation recommandée
2026-04-20 23:50:58,232 | WARNING  | RansomwareDetector.Watcher | ⚠️  MASSE : 86 fichiers modifiés en 60s (1.43/sec)
2026-04-20 23:50:58,238 | CRITICAL | RansomwareDetector | 💀 [EMERGENCY] 💀 CHIFFREMENT DE MASSE DÉTECTÉ — 86 fichiers modifiés en 60s (1.4 fichiers/sec) — Isolation recommandée
2026-04-20 23:50:58,247 | WARNING  | RansomwareDetector.Watcher | ⚠️  MASSE : 87 fichiers modifiés en 60s (1.45/sec)
2026-04-20 23:50:58,252 | CRITICAL | RansomwareDetector | 💀 [EMERGENCY] 💀 CHIFFREMENT DE MASSE DÉTECTÉ — 87 fichiers modifiés en 60s (1.4 fichiers/sec) — Isolation recommandée
2026-04-20 23:50:58,263 | CRITICAL | RansomwareDetector.Watcher | 🚨 CANARY TOUCHÉ [CREATED] : C:\Users\Nouar\Documents\passwords_backup.txt
2026-04-20 23:50:58,262 | WARNING  | RansomwareDetector.Watcher | ⚠️  MASSE : 88 fichiers modifiés en 60s (1.47/sec)
2026-04-20 23:50:58,267 | CRITICAL | RansomwareDetector | 💀 [EMERGENCY] 💀 CHIFFREMENT DE MASSE DÉTECTÉ — 88 fichiers modifiés en 60s (1.5 fichiers/sec) — Isolation recommandée
2026-04-20 23:50:58,275 | WARNING  | RansomwareDetector.Watcher | ⚠️  MASSE : 89 fichiers modifiés en 60s (1.48/sec)
2026-04-20 23:50:58,281 | CRITICAL | RansomwareDetector | 💀 [EMERGENCY] 💀 CHIFFREMENT DE MASSE DÉTECTÉ — 89 fichiers modifiés en 60s (1.5 fichiers/sec) — Isolation recommandée
2026-04-20 23:50:58,289 | WARNING  | RansomwareDetector.Watcher | ⚠️  MASSE : 90 fichiers modifiés en 60s (1.50/sec)
2026-04-20 23:50:58,293 | CRITICAL | RansomwareDetector | 💀 [EMERGENCY] 💀 CHIFFREMENT DE MASSE DÉTECTÉ — 90 fichiers modifiés en 60s (1.5 fichiers/sec) — Isolation recommandée
2026-04-20 23:50:58,302 | CRITICAL | RansomwareDetector | 💀 [EMERGENCY] 💀 CHIFFREMENT DE MASSE DÉTECTÉ — 58 fichiers modifiés en 60s (1.0 fichiers/sec) — Isolation recommandée
2026-04-20 23:50:58,302 | WARNING  | RansomwareDetector.Watcher | ⚠️  MASSE : 91 fichiers modifiés en 60s (1.52/sec)
2026-04-20 23:50:58,309 | CRITICAL | RansomwareDetector | 💀 [EMERGENCY] 💀 CHIFFREMENT DE MASSE DÉTECTÉ — 91 fichiers modifiés en 60s (1.5 fichiers/sec) — Isolation recommandée
2026-04-20 23:50:58,317 | WARNING  | RansomwareDetector.Watcher | ⚠️  MASSE : 59 fichiers modifiés en 60s (0.98/sec)
2026-04-20 23:50:58,322 | CRITICAL | RansomwareDetector | 💀 [EMERGENCY] 💀 CHIFFREMENT DE MASSE DÉTECTÉ — 59 fichiers modifiés en 60s (1.0 fichiers/sec) — Isolation recommandée
2026-04-20 23:50:58,332 | WARNING  | RansomwareDetector.Watcher | ⚠️  MASSE : 60 fichiers modifiés en 60s (1.00/sec)
2026-04-20 23:50:58,339 | CRITICAL | RansomwareDetector | 💀 [EMERGENCY] 💀 CHIFFREMENT DE MASSE DÉTECTÉ — 60 fichiers modifiés en 60s (1.0 fichiers/sec) — Isolation recommandée
2026-04-20 23:50:58,346 | WARNING  | RansomwareDetector.Watcher | ⚠️  MASSE : 61 fichiers modifiés en 60s (1.02/sec)
2026-04-20 23:50:58,351 | CRITICAL | RansomwareDetector | 💀 [EMERGENCY] 💀 CHIFFREMENT DE MASSE DÉTECTÉ — 61 fichiers modifiés en 60s (1.0 fichiers/sec) — Isolation recommandée
2026-04-20 23:50:58,402 | WARNING  | RansomwareDetector.Watcher | ⚠️  MASSE : 96 fichiers modifiés en 60s (1.60/sec)
2026-04-20 23:50:58,402 | WARNING  | RansomwareDetector.Watcher | ⚠️  MASSE : 92 fichiers modifiés en 60s (1.53/sec)
2026-04-20 23:50:58,406 | CRITICAL | RansomwareDetector | 💀 [EMERGENCY] 💀 CHIFFREMENT DE MASSE DÉTECTÉ — 96 fichiers modifiés en 60s (1.6 fichiers/sec) — Isolation recommandée
2026-04-20 23:50:58,410 | WARNING  | RansomwareDetector.Watcher | ⚠️  MASSE : 97 fichiers modifiés en 60s (1.62/sec)
2026-04-20 23:50:58,407 | CRITICAL | RansomwareDetector | 💀 [EMERGENCY] 💀 CHIFFREMENT DE MASSE DÉTECTÉ — 92 fichiers modifiés en 60s (1.5 fichiers/sec) — Isolation recommandée
2026-04-20 23:50:58,413 | CRITICAL | RansomwareDetector | 💀 [EMERGENCY] 💀 CHIFFREMENT DE MASSE DÉTECTÉ — 97 fichiers modifiés en 60s (1.6 fichiers/sec) — Isolation recommandée
2026-04-20 23:50:58,415 | WARNING  | RansomwareDetector.Watcher | ⚠️  MASSE : 93 fichiers modifiés en 60s (1.55/sec)
2026-04-20 23:50:58,416 | WARNING  | RansomwareDetector.Watcher | ⚠️  MASSE : 98 fichiers modifiés en 60s (1.63/sec)
2026-04-20 23:50:58,417 | CRITICAL | RansomwareDetector.Watcher | 🚨 CANARY TOUCHÉ [CREATED] : C:\Users\Nouar\Desktop\passwords_backup.txt
2026-04-20 23:50:58,419 | CRITICAL | RansomwareDetector | 💀 [EMERGENCY] 💀 CHIFFREMENT DE MASSE DÉTECTÉ — 98 fichiers modifiés en 60s (1.6 fichiers/sec) — Isolation recommandée
2026-04-20 23:50:58,422 | CRITICAL | RansomwareDetector.Watcher | 🚨 CANARY TOUCHÉ [MODIFIED] : C:\Users\Nouar\Documents\passwords_backup.txt
2026-04-20 23:50:58,419 | CRITICAL | RansomwareDetector | 💀 [EMERGENCY] 💀 CHIFFREMENT DE MASSE DÉTECTÉ — 93 fichiers modifiés en 60s (1.6 fichiers/sec) — Isolation recommandée
2026-04-20 23:50:58,429 | WARNING  | RansomwareDetector.Watcher | ⚠️  MASSE : 94 fichiers modifiés en 60s (1.57/sec)
2026-04-20 23:50:58,433 | CRITICAL | RansomwareDetector | 💀 [EMERGENCY] 💀 CHIFFREMENT DE MASSE DÉTECTÉ — 94 fichiers modifiés en 60s (1.6 fichiers/sec) — Isolation recommandée
2026-04-20 23:50:58,438 | WARNING  | RansomwareDetector.Watcher | ⚠️  MASSE : 50 fichiers modifiés en 60s (0.83/sec)
2026-04-20 23:50:58,450 | WARNING  | RansomwareDetector.Watcher | ⚠️  MASSE : 99 fichiers modifiés en 60s (1.65/sec)
2026-04-20 23:50:58,450 | WARNING  | RansomwareDetector.Watcher | ⚠️  MASSE : 95 fichiers modifiés en 60s (1.58/sec)
2026-04-20 23:50:58,453 | CRITICAL | RansomwareDetector | 💀 [EMERGENCY] 💀 CHIFFREMENT DE MASSE DÉTECTÉ — 99 fichiers modifiés en 60s (1.6 fichiers/sec) — Isolation recommandée
2026-04-20 23:50:58,460 | WARNING  | RansomwareDetector.Watcher | ⚠️  MASSE : 100 fichiers modifiés en 60s (1.67/sec)
2026-04-20 23:50:58,455 | CRITICAL | RansomwareDetector | 💀 [EMERGENCY] 💀 CHIFFREMENT DE MASSE DÉTECTÉ — 95 fichiers modifiés en 60s (1.6 fichiers/sec) — Isolation recommandée
2026-04-20 23:50:58,467 | CRITICAL | RansomwareDetector | 💀 [EMERGENCY] 💀 CHIFFREMENT DE MASSE DÉTECTÉ — 100 fichiers modifiés en 60s (1.7 fichiers/sec) — Isolation recommandée
2026-04-20 23:50:58,477 | WARNING  | RansomwareDetector.Watcher | ⚠️  MASSE : 101 fichiers modifiés en 60s (1.68/sec)
2026-04-20 23:50:58,471 | WARNING  | RansomwareDetector.Watcher | ⚠️  MASSE : 96 fichiers modifiés en 60s (1.60/sec)
2026-04-20 23:50:58,481 | CRITICAL | RansomwareDetector | 💀 [EMERGENCY] 💀 CHIFFREMENT DE MASSE DÉTECTÉ — 101 fichiers modifiés en 60s (1.7 fichiers/sec) — Isolation recommandée
2026-04-20 23:50:58,482 | CRITICAL | RansomwareDetector | 💀 [EMERGENCY] 💀 CHIFFREMENT DE MASSE DÉTECTÉ — 96 fichiers modifiés en 60s (1.6 fichiers/sec) — Isolation recommandée
2026-04-20 23:50:58,492 | WARNING  | RansomwareDetector.Watcher | ⚠️  MASSE : 97 fichiers modifiés en 60s (1.62/sec)
2026-04-20 23:50:58,497 | WARNING  | RansomwareDetector.Watcher | ⚠️  MASSE : 102 fichiers modifiés en 60s (1.70/sec)
2026-04-20 23:50:58,501 | CRITICAL | RansomwareDetector | 💀 [EMERGENCY] 💀 CHIFFREMENT DE MASSE DÉTECTÉ — 102 fichiers modifiés en 60s (1.7 fichiers/sec) — Isolation recommandée
2026-04-20 23:50:58,500 | CRITICAL | RansomwareDetector | 💀 [EMERGENCY] 💀 CHIFFREMENT DE MASSE DÉTECTÉ — 97 fichiers modifiés en 60s (1.6 fichiers/sec) — Isolation recommandée
2026-04-20 23:50:58,511 | WARNING  | RansomwareDetector.Watcher | ⚠️  MASSE : 98 fichiers modifiés en 60s (1.63/sec)
2026-04-20 23:50:58,525 | WARNING  | RansomwareDetector.Watcher | ⚠️  MASSE : 103 fichiers modifiés en 60s (1.72/sec)
2026-04-20 23:50:58,517 | CRITICAL | RansomwareDetector | 💀 [EMERGENCY] 💀 CHIFFREMENT DE MASSE DÉTECTÉ — 98 fichiers modifiés en 60s (1.6 fichiers/sec) — Isolation recommandée
2026-04-20 23:50:58,532 | CRITICAL | RansomwareDetector | 💀 [EMERGENCY] 💀 CHIFFREMENT DE MASSE DÉTECTÉ — 103 fichiers modifiés en 60s (1.7 fichiers/sec) — Isolation recommandée
2026-04-20 23:50:58,533 | WARNING  | RansomwareDetector.Watcher | ⚠️  MASSE : 99 fichiers modifiés en 60s (1.65/sec)
2026-04-20 23:50:58,537 | WARNING  | RansomwareDetector.Watcher | ⚠️  MASSE : 104 fichiers modifiés en 60s (1.73/sec)
2026-04-20 23:50:58,544 | CRITICAL | RansomwareDetector | 💀 [EMERGENCY] 💀 CHIFFREMENT DE MASSE DÉTECTÉ — 104 fichiers modifiés en 60s (1.7 fichiers/sec) — Isolation recommandée
2026-04-20 23:50:58,542 | CRITICAL | RansomwareDetector | 💀 [EMERGENCY] 💀 CHIFFREMENT DE MASSE DÉTECTÉ — 99 fichiers modifiés en 60s (1.6 fichiers/sec) — Isolation recommandée
2026-04-20 23:50:58,552 | WARNING  | RansomwareDetector.Watcher | ⚠️  MASSE : 100 fichiers modifiés en 60s (1.67/sec)
2026-04-20 23:50:58,560 | WARNING  | RansomwareDetector.Watcher | ⚠️  MASSE : 105 fichiers modifiés en 60s (1.75/sec)
2026-04-20 23:50:58,564 | CRITICAL | RansomwareDetector | 💀 [EMERGENCY] 💀 CHIFFREMENT DE MASSE DÉTECTÉ — 105 fichiers modifiés en 60s (1.8 fichiers/sec) — Isolation recommandée
2026-04-20 23:50:58,568 | WARNING  | RansomwareDetector.Watcher | ⚠️  MASSE : 106 fichiers modifiés en 60s (1.77/sec)
2026-04-20 23:50:58,563 | CRITICAL | RansomwareDetector | 💀 [EMERGENCY] 💀 CHIFFREMENT DE MASSE DÉTECTÉ — 100 fichiers modifiés en 60s (1.7 fichiers/sec) — Isolation recommandée
2026-04-20 23:50:58,573 | CRITICAL | RansomwareDetector | 💀 [EMERGENCY] 💀 CHIFFREMENT DE MASSE DÉTECTÉ — 106 fichiers modifiés en 60s (1.8 fichiers/sec) — Isolation recommandée
2026-04-20 23:50:58,575 | WARNING  | RansomwareDetector.Watcher | ⚠️  MASSE : 101 fichiers modifiés en 60s (1.68/sec)
2026-04-20 23:50:58,579 | WARNING  | RansomwareDetector.Watcher | ⚠️  MASSE : 107 fichiers modifiés en 60s (1.78/sec)
2026-04-20 23:50:58,583 | CRITICAL | RansomwareDetector | 💀 [EMERGENCY] 💀 CHIFFREMENT DE MASSE DÉTECTÉ — 107 fichiers modifiés en 60s (1.8 fichiers/sec) — Isolation recommandée
2026-04-20 23:50:58,580 | CRITICAL | RansomwareDetector | 💀 [EMERGENCY] 💀 CHIFFREMENT DE MASSE DÉTECTÉ — 101 fichiers modifiés en 60s (1.7 fichiers/sec) — Isolation recommandée
2026-04-20 23:50:58,590 | WARNING  | RansomwareDetector.Watcher | ⚠️  MASSE : 102 fichiers modifiés en 60s (1.70/sec)
2026-04-20 23:50:58,594 | CRITICAL | RansomwareDetector | 💀 [EMERGENCY] 💀 CHIFFREMENT DE MASSE DÉTECTÉ — 102 fichiers modifiés en 60s (1.7 fichiers/sec) — Isolation recommandée
2026-04-20 23:50:58,608 | WARNING  | RansomwareDetector.Watcher | ⚠️  MASSE : 103 fichiers modifiés en 60s (1.72/sec)
2026-04-20 23:50:58,611 | WARNING  | RansomwareDetector.Watcher | ⚠️  MASSE : 108 fichiers modifiés en 60s (1.80/sec)
2026-04-20 23:50:58,613 | CRITICAL | RansomwareDetector | 💀 [EMERGENCY] 💀 CHIFFREMENT DE MASSE DÉTECTÉ — 108 fichiers modifiés en 60s (1.8 fichiers/sec) — Isolation recommandée
2026-04-20 23:50:58,612 | CRITICAL | RansomwareDetector | 💀 [EMERGENCY] 💀 CHIFFREMENT DE MASSE DÉTECTÉ — 103 fichiers modifiés en 60s (1.7 fichiers/sec) — Isolation recommandée
2026-04-20 23:50:58,620 | WARNING  | RansomwareDetector.Watcher | ⚠️  MASSE : 104 fichiers modifiés en 60s (1.73/sec)
2026-04-20 23:50:58,625 | WARNING  | RansomwareDetector.Watcher | ⚠️  MASSE : 109 fichiers modifiés en 60s (1.82/sec)
2026-04-20 23:50:58,629 | CRITICAL | RansomwareDetector | 💀 [EMERGENCY] 💀 CHIFFREMENT DE MASSE DÉTECTÉ — 109 fichiers modifiés en 60s (1.8 fichiers/sec) — Isolation recommandée
2026-04-20 23:50:58,625 | CRITICAL | RansomwareDetector | 💀 [EMERGENCY] 💀 CHIFFREMENT DE MASSE DÉTECTÉ — 104 fichiers modifiés en 60s (1.7 fichiers/sec) — Isolation recommandée
2026-04-20 23:50:58,636 | WARNING  | RansomwareDetector.Watcher | ⚠️  MASSE : 110 fichiers modifiés en 60s (1.83/sec)
2026-04-20 23:50:58,636 | WARNING  | RansomwareDetector.Watcher | ⚠️  MASSE : 105 fichiers modifiés en 60s (1.75/sec)
2026-04-20 23:50:58,640 | CRITICAL | RansomwareDetector | 💀 [EMERGENCY] 💀 CHIFFREMENT DE MASSE DÉTECTÉ — 110 fichiers modifiés en 60s (1.8 fichiers/sec) — Isolation recommandée
2026-04-20 23:50:58,642 | WARNING  | RansomwareDetector.Watcher | ⚠️  MASSE : 62 fichiers modifiés en 60s (1.03/sec)
2026-04-20 23:50:58,641 | CRITICAL | RansomwareDetector | 💀 [EMERGENCY] 💀 CHIFFREMENT DE MASSE DÉTECTÉ — 105 fichiers modifiés en 60s (1.8 fichiers/sec) — Isolation recommandée
2026-04-20 23:50:58,646 | CRITICAL | RansomwareDetector | 💀 [EMERGENCY] 💀 CHIFFREMENT DE MASSE DÉTECTÉ — 62 fichiers modifiés en 60s (1.0 fichiers/sec) — Isolation recommandée
2026-04-20 23:50:58,649 | WARNING  | RansomwareDetector.Watcher | ⚠️  MASSE : 106 fichiers modifiés en 60s (1.77/sec)
2026-04-20 23:50:58,652 | CRITICAL | RansomwareDetector | 💀 [EMERGENCY] 💀 CHIFFREMENT DE MASSE DÉTECTÉ — 106 fichiers modifiés en 60s (1.8 fichiers/sec) — Isolation recommandée
2026-04-20 23:50:58,646 | CRITICAL | RansomwareDetector | 💀 [EMERGENCY] 💀 CHIFFREMENT DE MASSE DÉTECTÉ — 50 fichiers modifiés en 60s (0.8 fichiers/sec) — Isolation recommandée
2026-04-20 23:50:58,699 | WARNING  | RansomwareDetector.Watcher | ⚠️  MASSE : 111 fichiers modifiés en 60s (1.85/sec)
2026-04-20 23:50:58,708 | CRITICAL | RansomwareDetector | 💀 [EMERGENCY] 💀 CHIFFREMENT DE MASSE DÉTECTÉ — 111 fichiers modifiés en 60s (1.9 fichiers/sec) — Isolation recommandée
2026-04-20 23:50:58,700 | WARNING  | RansomwareDetector.Watcher | ⚠️  MASSE : 107 fichiers modifiés en 60s (1.78/sec)
2026-04-20 23:50:58,737 | WARNING  | RansomwareDetector.Watcher | ⚠️  MASSE : 112 fichiers modifiés en 60s (1.87/sec)
2026-04-20 23:50:58,722 | CRITICAL | RansomwareDetector | 💀 [EMERGENCY] 💀 CHIFFREMENT DE MASSE DÉTECTÉ — 107 fichiers modifiés en 60s (1.8 fichiers/sec) — Isolation recommandée
2026-04-20 23:50:58,747 | CRITICAL | RansomwareDetector | 💀 [EMERGENCY] 💀 CHIFFREMENT DE MASSE DÉTECTÉ — 112 fichiers modifiés en 60s (1.9 fichiers/sec) — Isolation recommandée
2026-04-20 23:50:58,760 | WARNING  | RansomwareDetector.Watcher | ⚠️  MASSE : 113 fichiers modifiés en 60s (1.88/sec)
2026-04-20 23:50:58,757 | WARNING  | RansomwareDetector.Watcher | ⚠️  MASSE : 108 fichiers modifiés en 60s (1.80/sec)
2026-04-20 23:50:58,770 | CRITICAL | RansomwareDetector | 💀 [EMERGENCY] 💀 CHIFFREMENT DE MASSE DÉTECTÉ — 113 fichiers modifiés en 60s (1.9 fichiers/sec) — Isolation recommandée
2026-04-20 23:50:58,773 | CRITICAL | RansomwareDetector | 💀 [EMERGENCY] 💀 CHIFFREMENT DE MASSE DÉTECTÉ — 108 fichiers modifiés en 60s (1.8 fichiers/sec) — Isolation recommandée
2026-04-20 23:50:58,792 | WARNING  | RansomwareDetector.Watcher | ⚠️  MASSE : 109 fichiers modifiés en 60s (1.82/sec)
2026-04-20 23:50:58,802 | CRITICAL | RansomwareDetector | 💀 [EMERGENCY] 💀 CHIFFREMENT DE MASSE DÉTECTÉ — 109 fichiers modifiés en 60s (1.8 fichiers/sec) — Isolation recommandée
2026-04-20 23:50:58,869 | WARNING  | RansomwareDetector.Watcher | ⚠️  MASSE : 114 fichiers modifiés en 60s (1.90/sec)
2026-04-20 23:50:58,311 | CRITICAL | RansomwareDetector.Watcher | 🚨 CANARY TOUCHÉ [MODIFIED] : C:\Users\Nouar\Desktop\passwords_backup.txt
2026-04-20 23:50:58,869 | WARNING  | RansomwareDetector.Watcher | ⚠️  MASSE : 110 fichiers modifiés en 60s (1.83/sec)
2026-04-20 23:50:58,875 | CRITICAL | RansomwareDetector | 💀 [EMERGENCY] 💀 CHIFFREMENT DE MASSE DÉTECTÉ — 114 fichiers modifiés en 60s (1.9 fichiers/sec) — Isolation recommandée
2026-04-20 23:50:58,885 | CRITICAL | RansomwareDetector.Watcher | 🚨 CANARY TOUCHÉ [MODIFIED] : C:\Users\Nouar\Desktop\passwords_backup.txt
2026-04-20 23:50:58,879 | CRITICAL | RansomwareDetector | 💀 [EMERGENCY] 💀 CHIFFREMENT DE MASSE DÉTECTÉ — 110 fichiers modifiés en 60s (1.8 fichiers/sec) — Isolation recommandée
2026-04-20 23:50:58,893 | CRITICAL | RansomwareDetector | 🚨 CANARY [CREATED] passwords_backup.txt | Entropie : 5.25 bits (baseline=5.25, Δ=+0.00)
2026-04-20 23:50:58,897 | WARNING  | RansomwareDetector.Watcher | ⚠️  MASSE : 115 fichiers modifiés en 60s (1.92/sec)
2026-04-20 23:50:58,905 | WARNING  | RansomwareDetector.Watcher | ⚠️  MASSE : 50 fichiers modifiés en 60s (0.83/sec)
2026-04-20 23:50:58,927 | CRITICAL | RansomwareDetector | 💀 [EMERGENCY] 💀 CHIFFREMENT DE MASSE DÉTECTÉ — 50 fichiers modifiés en 60s (0.8 fichiers/sec) — Isolation recommandée
2026-04-20 23:50:58,921 | CRITICAL | RansomwareDetector | 💀 [EMERGENCY] 💀 CHIFFREMENT DE MASSE DÉTECTÉ — 115 fichiers modifiés en 60s (1.9 fichiers/sec) — Isolation recommandée
2026-04-20 23:50:58,925 | WARNING  | RansomwareDetector.Watcher | ⚠️  MASSE : 111 fichiers modifiés en 60s (1.85/sec)
2026-04-20 23:50:58,937 | CRITICAL | RansomwareDetector | 🚨 CANARY [MODIFIED] passwords_backup.txt | Entropie : 5.25 bits (baseline=5.25, Δ=+0.00)
2026-04-20 23:50:58,944 | WARNING  | RansomwareDetector.Watcher | ⚠️  MASSE : 116 fichiers modifiés en 60s (1.93/sec)
2026-04-20 23:50:58,951 | WARNING  | RansomwareDetector.Watcher | ⚠️  MASSE : 51 fichiers modifiés en 60s (0.85/sec)
2026-04-20 23:50:58,954 | CRITICAL | RansomwareDetector | 💀 [EMERGENCY] 💀 CHIFFREMENT DE MASSE DÉTECTÉ — 116 fichiers modifiés en 60s (1.9 fichiers/sec) — Isolation recommandée
2026-04-20 23:50:58,944 | CRITICAL | RansomwareDetector | 💀 [EMERGENCY] 💀 CHIFFREMENT DE MASSE DÉTECTÉ — 111 fichiers modifiés en 60s (1.9 fichiers/sec) — Isolation recommandée
2026-04-20 23:50:58,962 | CRITICAL | RansomwareDetector | 💀 [EMERGENCY] 💀 CHIFFREMENT DE MASSE DÉTECTÉ — 51 fichiers modifiés en 60s (0.8 fichiers/sec) — Isolation recommandée
2026-04-20 23:50:58,967 | WARNING  | RansomwareDetector.Watcher | ⚠️  MASSE : 112 fichiers modifiés en 60s (1.87/sec)
2026-04-20 23:50:58,977 | WARNING  | RansomwareDetector.Watcher | ⚠️  MASSE : 52 fichiers modifiés en 60s (0.87/sec)
2026-04-20 23:50:58,984 | CRITICAL | RansomwareDetector | 💀 [EMERGENCY] 💀 CHIFFREMENT DE MASSE DÉTECTÉ — 52 fichiers modifiés en 60s (0.9 fichiers/sec) — Isolation recommandée
2026-04-20 23:50:58,979 | CRITICAL | RansomwareDetector | 💀 [EMERGENCY] 💀 CHIFFREMENT DE MASSE DÉTECTÉ — 112 fichiers modifiés en 60s (1.9 fichiers/sec) — Isolation recommandée
2026-04-20 23:50:58,999 | CRITICAL | RansomwareDetector.Watcher | 🚨 CANARY TOUCHÉ [MODIFIED] : C:\Users\Nouar\Desktop\passwords_backup.txt
2026-04-20 23:50:59,008 | WARNING  | RansomwareDetector.Watcher | ⚠️  MASSE : 117 fichiers modifiés en 60s (1.95/sec)
2026-04-20 23:50:59,012 | WARNING  | RansomwareDetector.Watcher | ⚠️  MASSE : 53 fichiers modifiés en 60s (0.88/sec)
2026-04-20 23:50:59,008 | WARNING  | RansomwareDetector.Watcher | ⚠️  MASSE : 113 fichiers modifiés en 60s (1.88/sec)
2026-04-20 23:50:59,015 | CRITICAL | RansomwareDetector | 💀 [EMERGENCY] 💀 CHIFFREMENT DE MASSE DÉTECTÉ — 117 fichiers modifiés en 60s (1.9 fichiers/sec) — Isolation recommandée
2026-04-20 23:50:59,021 | CRITICAL | RansomwareDetector | 💀 [EMERGENCY] 💀 CHIFFREMENT DE MASSE DÉTECTÉ — 53 fichiers modifiés en 60s (0.9 fichiers/sec) — Isolation recommandée
2026-04-20 23:50:59,031 | WARNING  | RansomwareDetector.Watcher | ⚠️  MASSE : 54 fichiers modifiés en 60s (0.90/sec)
2026-04-20 23:50:59,023 | CRITICAL | RansomwareDetector | 💀 [EMERGENCY] 💀 CHIFFREMENT DE MASSE DÉTECTÉ — 113 fichiers modifiés en 60s (1.9 fichiers/sec) — Isolation recommandée
2026-04-20 23:50:59,042 | CRITICAL | RansomwareDetector | 💀 [EMERGENCY] 💀 CHIFFREMENT DE MASSE DÉTECTÉ — 54 fichiers modifiés en 60s (0.9 fichiers/sec) — Isolation recommandée
2026-04-20 23:50:59,054 | WARNING  | RansomwareDetector.Watcher | ⚠️  MASSE : 118 fichiers modifiés en 60s (1.97/sec)
2026-04-20 23:50:59,069 | CRITICAL | RansomwareDetector | 💀 [EMERGENCY] 💀 CHIFFREMENT DE MASSE DÉTECTÉ — 118 fichiers modifiés en 60s (2.0 fichiers/sec) — Isolation recommandée
2026-04-20 23:50:59,057 | WARNING  | RansomwareDetector.Watcher | ⚠️  MASSE : 114 fichiers modifiés en 60s (1.90/sec)
2026-04-20 23:50:59,078 | WARNING  | RansomwareDetector.Watcher | ⚠️  MASSE : 55 fichiers modifiés en 60s (0.92/sec)
2026-04-20 23:50:59,107 | WARNING  | RansomwareDetector.Watcher | ⚠️  MASSE : 119 fichiers modifiés en 60s (1.98/sec)
2026-04-20 23:50:59,125 | CRITICAL | RansomwareDetector | 💀 [EMERGENCY] 💀 CHIFFREMENT DE MASSE DÉTECTÉ — 119 fichiers modifiés en 60s (2.0 fichiers/sec) — Isolation recommandée
2026-04-20 23:50:59,109 | CRITICAL | RansomwareDetector | 💀 [EMERGENCY] 💀 CHIFFREMENT DE MASSE DÉTECTÉ — 114 fichiers modifiés en 60s (1.9 fichiers/sec) — Isolation recommandée
2026-04-20 23:50:59,118 | CRITICAL | RansomwareDetector | 💀 [EMERGENCY] 💀 CHIFFREMENT DE MASSE DÉTECTÉ — 55 fichiers modifiés en 60s (0.9 fichiers/sec) — Isolation recommandée
2026-04-20 23:50:59,142 | WARNING  | RansomwareDetector.Watcher | ⚠️  MASSE : 115 fichiers modifiés en 60s (1.92/sec)
2026-04-20 23:50:59,151 | CRITICAL | RansomwareDetector | 💀 [EMERGENCY] 💀 CHIFFREMENT DE MASSE DÉTECTÉ — 115 fichiers modifiés en 60s (1.9 fichiers/sec) — Isolation recommandée
2026-04-20 23:50:59,171 | WARNING  | RansomwareDetector.Watcher | ⚠️  MASSE : 56 fichiers modifiés en 60s (0.93/sec)
2026-04-20 23:50:59,183 | CRITICAL | RansomwareDetector | 💀 [EMERGENCY] 💀 CHIFFREMENT DE MASSE DÉTECTÉ — 56 fichiers modifiés en 60s (0.9 fichiers/sec) — Isolation recommandée
2026-04-20 23:50:59,203 | WARNING  | RansomwareDetector.Watcher | ⚠️  MASSE : 120 fichiers modifiés en 60s (2.00/sec)
2026-04-20 23:50:59,203 | WARNING  | RansomwareDetector.Watcher | ⚠️  MASSE : 116 fichiers modifiés en 60s (1.93/sec)
2026-04-20 23:50:59,212 | CRITICAL | RansomwareDetector | 💀 [EMERGENCY] 💀 CHIFFREMENT DE MASSE DÉTECTÉ — 120 fichiers modifiés en 60s (2.0 fichiers/sec) — Isolation recommandée
2026-04-20 23:50:59,218 | WARNING  | RansomwareDetector.Watcher | ⚠️  MASSE : 57 fichiers modifiés en 60s (0.95/sec)
2026-04-20 23:50:59,226 | CRITICAL | RansomwareDetector | 💀 [EMERGENCY] 💀 CHIFFREMENT DE MASSE DÉTECTÉ — 57 fichiers modifiés en 60s (0.9 fichiers/sec) — Isolation recommandée
2026-04-20 23:50:59,220 | CRITICAL | RansomwareDetector | 💀 [EMERGENCY] 💀 CHIFFREMENT DE MASSE DÉTECTÉ — 116 fichiers modifiés en 60s (1.9 fichiers/sec) — Isolation recommandée
2026-04-20 23:50:59,252 | WARNING  | RansomwareDetector.Watcher | ⚠️  MASSE : 58 fichiers modifiés en 60s (0.97/sec)
2026-04-20 23:50:59,270 | CRITICAL | RansomwareDetector | 💀 [EMERGENCY] 💀 CHIFFREMENT DE MASSE DÉTECTÉ — 58 fichiers modifiés en 60s (1.0 fichiers/sec) — Isolation recommandée
2026-04-20 23:50:59,276 | WARNING  | RansomwareDetector.Watcher | ⚠️  MASSE : 121 fichiers modifiés en 60s (2.02/sec)
2026-04-20 23:50:59,286 | CRITICAL | RansomwareDetector | 💀 [EMERGENCY] 💀 CHIFFREMENT DE MASSE DÉTECTÉ — 121 fichiers modifiés en 60s (2.0 fichiers/sec) — Isolation recommandée
2026-04-20 23:50:59,274 | WARNING  | RansomwareDetector.Watcher | ⚠️  MASSE : 117 fichiers modifiés en 60s (1.95/sec)
2026-04-20 23:50:59,302 | WARNING  | RansomwareDetector.Watcher | ⚠️  MASSE : 122 fichiers modifiés en 60s (2.03/sec)
2026-04-20 23:50:59,314 | CRITICAL | RansomwareDetector | 💀 [EMERGENCY] 💀 CHIFFREMENT DE MASSE DÉTECTÉ — 122 fichiers modifiés en 60s (2.0 fichiers/sec) — Isolation recommandée
2026-04-20 23:50:59,296 | CRITICAL | RansomwareDetector | 💀 [EMERGENCY] 💀 CHIFFREMENT DE MASSE DÉTECTÉ — 117 fichiers modifiés en 60s (1.9 fichiers/sec) — Isolation recommandée
2026-04-20 23:50:59,327 | WARNING  | RansomwareDetector.Watcher | ⚠️  MASSE : 118 fichiers modifiés en 60s (1.97/sec)
2026-04-20 23:50:59,338 | CRITICAL | RansomwareDetector | 💀 [EMERGENCY] 💀 CHIFFREMENT DE MASSE DÉTECTÉ — 118 fichiers modifiés en 60s (2.0 fichiers/sec) — Isolation recommandée
2026-04-20 23:50:59,412 | WARNING  | RansomwareDetector.Watcher | ⚠️  MASSE : 123 fichiers modifiés en 60s (2.05/sec)
2026-04-20 23:50:59,412 | WARNING  | RansomwareDetector.Watcher | ⚠️  MASSE : 119 fichiers modifiés en 60s (1.98/sec)
2026-04-20 23:50:59,420 | CRITICAL | RansomwareDetector | 💀 [EMERGENCY] 💀 CHIFFREMENT DE MASSE DÉTECTÉ — 123 fichiers modifiés en 60s (2.0 fichiers/sec) — Isolation recommandée
2026-04-20 23:50:59,427 | CRITICAL | RansomwareDetector | 💀 [EMERGENCY] 💀 CHIFFREMENT DE MASSE DÉTECTÉ — 119 fichiers modifiés en 60s (2.0 fichiers/sec) — Isolation recommandée
2026-04-20 23:50:59,459 | WARNING  | RansomwareDetector.Watcher | ⚠️  MASSE : 124 fichiers modifiés en 60s (2.07/sec)
2026-04-20 23:50:59,458 | WARNING  | RansomwareDetector.Watcher | ⚠️  MASSE : 120 fichiers modifiés en 60s (2.00/sec)
2026-04-20 23:50:59,468 | CRITICAL | RansomwareDetector | 💀 [EMERGENCY] 💀 CHIFFREMENT DE MASSE DÉTECTÉ — 124 fichiers modifiés en 60s (2.1 fichiers/sec) — Isolation recommandée
2026-04-20 23:50:59,477 | WARNING  | RansomwareDetector.Watcher | ⚠️  MASSE : 125 fichiers modifiés en 60s (2.08/sec)
2026-04-20 23:50:59,473 | CRITICAL | RansomwareDetector | 💀 [EMERGENCY] 💀 CHIFFREMENT DE MASSE DÉTECTÉ — 120 fichiers modifiés en 60s (2.0 fichiers/sec) — Isolation recommandée
2026-04-20 23:50:59,484 | CRITICAL | RansomwareDetector | 💀 [EMERGENCY] 💀 CHIFFREMENT DE MASSE DÉTECTÉ — 125 fichiers modifiés en 60s (2.1 fichiers/sec) — Isolation recommandée
2026-04-20 23:50:59,494 | WARNING  | RansomwareDetector.Watcher | ⚠️  MASSE : 121 fichiers modifiés en 60s (2.02/sec)
2026-04-20 23:50:59,504 | CRITICAL | RansomwareDetector | 💀 [EMERGENCY] 💀 CHIFFREMENT DE MASSE DÉTECTÉ — 121 fichiers modifiés en 60s (2.0 fichiers/sec) — Isolation recommandée
2026-04-20 23:50:59,560 | WARNING  | RansomwareDetector.Watcher | ⚠️  MASSE : 63 fichiers modifiés en 60s (1.05/sec)
2026-04-20 23:50:59,565 | CRITICAL | RansomwareDetector | 💀 [EMERGENCY] 💀 CHIFFREMENT DE MASSE DÉTECTÉ — 63 fichiers modifiés en 60s (1.1 fichiers/sec) — Isolation recommandée
2026-04-20 23:50:59,573 | WARNING  | RansomwareDetector.Watcher | ⚠️  MASSE : 64 fichiers modifiés en 60s (1.07/sec)
2026-04-20 23:50:59,628 | WARNING  | RansomwareDetector.Watcher | ⚠️  MASSE : 126 fichiers modifiés en 60s (2.10/sec)
2026-04-20 23:50:59,638 | CRITICAL | RansomwareDetector | 💀 [EMERGENCY] 💀 CHIFFREMENT DE MASSE DÉTECTÉ — 126 fichiers modifiés en 60s (2.1 fichiers/sec) — Isolation recommandée
2026-04-20 23:50:59,686 | WARNING  | RansomwareDetector.Watcher | ⚠️  MASSE : 127 fichiers modifiés en 60s (2.12/sec)
2026-04-20 23:50:59,702 | CRITICAL | RansomwareDetector | 💀 [EMERGENCY] 💀 CHIFFREMENT DE MASSE DÉTECTÉ — 127 fichiers modifiés en 60s (2.1 fichiers/sec) — Isolation recommandée
2026-04-20 23:50:59,720 | WARNING  | RansomwareDetector.Watcher | ⚠️  MASSE : 128 fichiers modifiés en 60s (2.13/sec)
2026-04-20 23:50:59,740 | CRITICAL | RansomwareDetector | 💀 [EMERGENCY] 💀 CHIFFREMENT DE MASSE DÉTECTÉ — 128 fichiers modifiés en 60s (2.1 fichiers/sec) — Isolation recommandée
2026-04-20 23:50:59,799 | WARNING  | RansomwareDetector.Watcher | ⚠️  MASSE : 129 fichiers modifiés en 60s (2.15/sec)
2026-04-20 23:50:59,820 | CRITICAL | RansomwareDetector | 💀 [EMERGENCY] 💀 CHIFFREMENT DE MASSE DÉTECTÉ — 129 fichiers modifiés en 60s (2.1 fichiers/sec) — Isolation recommandée
2026-04-20 23:50:59,847 | WARNING  | RansomwareDetector.Watcher | ⚠️  MASSE : 130 fichiers modifiés en 60s (2.17/sec)
2026-04-20 23:50:59,860 | CRITICAL | RansomwareDetector | 💀 [EMERGENCY] 💀 CHIFFREMENT DE MASSE DÉTECTÉ — 130 fichiers modifiés en 60s (2.2 fichiers/sec) — Isolation recommandée
2026-04-20 23:50:59,876 | WARNING  | RansomwareDetector.Watcher | ⚠️  MASSE : 131 fichiers modifiés en 60s (2.18/sec)
2026-04-20 23:50:59,904 | CRITICAL | RansomwareDetector | 💀 [EMERGENCY] 💀 CHIFFREMENT DE MASSE DÉTECTÉ — 131 fichiers modifiés en 60s (2.2 fichiers/sec) — Isolation recommandée
2026-04-20 23:50:59,934 | WARNING  | RansomwareDetector.Watcher | ⚠️  MASSE : 132 fichiers modifiés en 60s (2.20/sec)
2026-04-20 23:50:59,961 | CRITICAL | RansomwareDetector | 💀 [EMERGENCY] 💀 CHIFFREMENT DE MASSE DÉTECTÉ — 132 fichiers modifiés en 60s (2.2 fichiers/sec) — Isolation recommandée
2026-04-20 23:50:59,985 | WARNING  | RansomwareDetector.Watcher | ⚠️  MASSE : 133 fichiers modifiés en 60s (2.22/sec)
2026-04-20 23:51:00,007 | CRITICAL | RansomwareDetector | 💀 [EMERGENCY] 💀 CHIFFREMENT DE MASSE DÉTECTÉ — 133 fichiers modifiés en 60s (2.2 fichiers/sec) — Isolation recommandée
2026-04-20 23:51:00,133 | WARNING  | RansomwareDetector.Watcher | ⚠️  MASSE : 134 fichiers modifiés en 60s (2.23/sec)
2026-04-20 23:51:00,172 | CRITICAL | RansomwareDetector | 💀 [EMERGENCY] 💀 CHIFFREMENT DE MASSE DÉTECTÉ — 134 fichiers modifiés en 60s (2.2 fichiers/sec) — Isolation recommandée
2026-04-20 23:51:00,201 | WARNING  | RansomwareDetector.Watcher | ⚠️  MASSE : 135 fichiers modifiés en 60s (2.25/sec)
2026-04-20 23:51:00,249 | CRITICAL | RansomwareDetector | 💀 [EMERGENCY] 💀 CHIFFREMENT DE MASSE DÉTECTÉ — 135 fichiers modifiés en 60s (2.2 fichiers/sec) — Isolation recommandée
2026-04-20 23:51:00,285 | WARNING  | RansomwareDetector.Watcher | ⚠️  MASSE : 136 fichiers modifiés en 60s (2.27/sec)
2026-04-20 23:51:00,302 | CRITICAL | RansomwareDetector | 💀 [EMERGENCY] 💀 CHIFFREMENT DE MASSE DÉTECTÉ — 136 fichiers modifiés en 60s (2.3 fichiers/sec) — Isolation recommandée
2026-04-20 23:51:00,329 | WARNING  | RansomwareDetector.Watcher | ⚠️  MASSE : 137 fichiers modifiés en 60s (2.28/sec)
2026-04-20 23:51:00,345 | CRITICAL | RansomwareDetector | 💀 [EMERGENCY] 💀 CHIFFREMENT DE MASSE DÉTECTÉ — 137 fichiers modifiés en 60s (2.3 fichiers/sec) — Isolation recommandée
2026-04-20 23:51:00,403 | WARNING  | RansomwareDetector.Watcher | ⚠️  MASSE : 138 fichiers modifiés en 60s (2.30/sec)
2026-04-20 23:51:00,416 | CRITICAL | RansomwareDetector | 💀 [EMERGENCY] 💀 CHIFFREMENT DE MASSE DÉTECTÉ — 138 fichiers modifiés en 60s (2.3 fichiers/sec) — Isolation recommandée
2026-04-20 23:51:00,429 | WARNING  | RansomwareDetector.Watcher | ⚠️  MASSE : 139 fichiers modifiés en 60s (2.32/sec)
2026-04-20 23:51:00,475 | CRITICAL | RansomwareDetector | 💀 [EMERGENCY] 💀 CHIFFREMENT DE MASSE DÉTECTÉ — 139 fichiers modifiés en 60s (2.3 fichiers/sec) — Isolation recommandée
2026-04-20 23:51:00,496 | WARNING  | RansomwareDetector.Watcher | ⚠️  MASSE : 140 fichiers modifiés en 60s (2.33/sec)
2026-04-20 23:51:00,521 | CRITICAL | RansomwareDetector | 💀 [EMERGENCY] 💀 CHIFFREMENT DE MASSE DÉTECTÉ — 140 fichiers modifiés en 60s (2.3 fichiers/sec) — Isolation recommandée
2026-04-20 23:51:00,541 | WARNING  | RansomwareDetector.Watcher | ⚠️  MASSE : 141 fichiers modifiés en 60s (2.35/sec)
2026-04-20 23:51:00,570 | CRITICAL | RansomwareDetector | 💀 [EMERGENCY] 💀 CHIFFREMENT DE MASSE DÉTECTÉ — 141 fichiers modifiés en 60s (2.4 fichiers/sec) — Isolation recommandée
2026-04-20 23:51:00,601 | WARNING  | RansomwareDetector.Watcher | ⚠️  MASSE : 142 fichiers modifiés en 60s (2.37/sec)
2026-04-20 23:51:00,611 | CRITICAL | RansomwareDetector | 💀 [EMERGENCY] 💀 CHIFFREMENT DE MASSE DÉTECTÉ — 142 fichiers modifiés en 60s (2.4 fichiers/sec) — Isolation recommandée
2026-04-20 23:51:00,627 | WARNING  | RansomwareDetector.Watcher | ⚠️  MASSE : 143 fichiers modifiés en 60s (2.38/sec)
2026-04-20 23:51:00,634 | CRITICAL | RansomwareDetector | 💀 [EMERGENCY] 💀 CHIFFREMENT DE MASSE DÉTECTÉ — 143 fichiers modifiés en 60s (2.4 fichiers/sec) — Isolation recommandée
2026-04-20 23:51:00,647 | WARNING  | RansomwareDetector.Watcher | ⚠️  MASSE : 144 fichiers modifiés en 60s (2.40/sec)
2026-04-20 23:51:00,680 | CRITICAL | RansomwareDetector | 💀 [EMERGENCY] 💀 CHIFFREMENT DE MASSE DÉTECTÉ — 144 fichiers modifiés en 60s (2.4 fichiers/sec) — Isolation recommandée
2026-04-20 23:51:00,704 | WARNING  | RansomwareDetector.Watcher | ⚠️  MASSE : 145 fichiers modifiés en 60s (2.42/sec)
2026-04-20 23:51:00,712 | CRITICAL | RansomwareDetector | 💀 [EMERGENCY] 💀 CHIFFREMENT DE MASSE DÉTECTÉ — 145 fichiers modifiés en 60s (2.4 fichiers/sec) — Isolation recommandée
2026-04-20 23:51:00,719 | WARNING  | RansomwareDetector.Watcher | ⚠️  MASSE : 146 fichiers modifiés en 60s (2.43/sec)
2026-04-20 23:51:00,724 | CRITICAL | RansomwareDetector | 💀 [EMERGENCY] 💀 CHIFFREMENT DE MASSE DÉTECTÉ — 146 fichiers modifiés en 60s (2.4 fichiers/sec) — Isolation recommandée
2026-04-20 23:50:59,218 | CRITICAL | RansomwareDetector.Watcher | 🚨 CANARY TOUCHÉ [MODIFIED] : C:\Users\Nouar\Desktop\passwords_backup.txt
2026-04-20 23:51:01,128 | WARNING  | RansomwareDetector.Watcher | ⚠️  MASSE : 51 fichiers modifiés en 60s (0.85/sec)
2026-04-20 23:51:01,170 | CRITICAL | RansomwareDetector | 💀 [EMERGENCY] 💀 CHIFFREMENT DE MASSE DÉTECTÉ — 51 fichiers modifiés en 60s (0.8 fichiers/sec) — Isolation recommandée
2026-04-20 23:51:01,249 | INFO     | RansomwareDetector |    ✅ 40 canary files déployés.
2026-04-20 23:51:01,248 | WARNING  | RansomwareDetector.Watcher | ⚠️  MASSE : 147 fichiers modifiés en 60s (2.45/sec)
2026-04-20 23:51:01,255 | INFO     | RansomwareDetector.Watcher | 👁  Surveillance : C:\Users\Nouar\Desktop
2026-04-20 23:51:01,258 | CRITICAL | RansomwareDetector | 💀 [EMERGENCY] 💀 CHIFFREMENT DE MASSE DÉTECTÉ — 147 fichiers modifiés en 60s (2.5 fichiers/sec) — Isolation recommandée
2026-04-20 23:51:01,260 | INFO     | RansomwareDetector.Watcher | 👁  Surveillance : C:\Users\Nouar\Documents
2026-04-20 23:51:01,267 | INFO     | RansomwareDetector.Watcher | 👁  Surveillance : C:\Users\Nouar\Downloads
2026-04-20 23:51:01,274 | WARNING  | RansomwareDetector.Watcher | ⚠️  MASSE : 148 fichiers modifiés en 60s (2.47/sec)
2026-04-20 23:51:01,272 | INFO     | RansomwareDetector.Watcher | 👁  Surveillance : C:\Users\Public
2026-04-20 23:51:01,279 | CRITICAL | RansomwareDetector | 💀 [EMERGENCY] 💀 CHIFFREMENT DE MASSE DÉTECTÉ — 148 fichiers modifiés en 60s (2.5 fichiers/sec) — Isolation recommandée
2026-04-20 23:51:01,288 | INFO     | RansomwareDetector.Watcher | ✅ Watcher démarré.
2026-04-20 23:51:01,292 | INFO     | RansomwareDetector | 🔍 Surveillance active. Ctrl+C pour arrêter.

2026-04-20 23:50:59,304 | WARNING  | RansomwareDetector.Watcher | ⚠️  MASSE : 59 fichiers modifiés en 60s (0.98/sec)
2026-04-20 23:51:01,449 | CRITICAL | RansomwareDetector | 💀 [EMERGENCY] 💀 CHIFFREMENT DE MASSE DÉTECTÉ — 59 fichiers modifiés en 60s (1.0 fichiers/sec) — Isolation recommandée
2026-04-20 23:51:01,466 | WARNING  | RansomwareDetector.Watcher | ⚠️  MASSE : 60 fichiers modifiés en 60s (1.00/sec)
2026-04-20 23:51:01,480 | CRITICAL | RansomwareDetector | 💀 [EMERGENCY] 💀 CHIFFREMENT DE MASSE DÉTECTÉ — 60 fichiers modifiés en 60s (1.0 fichiers/sec) — Isolation recommandée
2026-04-20 23:51:01,704 | CRITICAL | RansomwareDetector.Watcher | 🚨 CANARY TOUCHÉ [CREATED] : C:\Users\Nouar\Downloads\passwords_backup.txt
2026-04-20 23:51:00,917 | CRITICAL | RansomwareDetector | 💀 [EMERGENCY] 💀 CHIFFREMENT DE MASSE DÉTECTÉ — 64 fichiers modifiés en 60s (1.1 fichiers/sec) — Isolation recommandée
2026-04-20 23:51:01,851 | WARNING  | RansomwareDetector.Watcher | ⚠️  MASSE : 65 fichiers modifiés en 60s (1.08/sec)
2026-04-20 23:51:01,862 | CRITICAL | RansomwareDetector | 💀 [EMERGENCY] 💀 CHIFFREMENT DE MASSE DÉTECTÉ — 65 fichiers modifiés en 60s (1.1 fichiers/sec) — Isolation recommandée
2026-04-20 23:51:01,882 | WARNING  | RansomwareDetector.Watcher | ⚠️  MASSE : 66 fichiers modifiés en 60s (1.10/sec)
2026-04-20 23:51:01,899 | WARNING  | RansomwareDetector | 🧠 ML : RANSOMWARE | Confiance : 130% | Niveau : 1/5
   → Activité dans les normes habituelles.
2026-04-20 23:51:01,907 | CRITICAL | RansomwareDetector | 💀 [EMERGENCY] 💀 CHIFFREMENT DE MASSE DÉTECTÉ — 66 fichiers modifiés en 60s (1.1 fichiers/sec) — Isolation recommandée
2026-04-20 23:51:01,908 | CRITICAL | RansomwareDetector | 🚨 [CRITICAL] 🚨 CANARY COMPROMIS — Fichier : C:\Users\Nouar\Desktop\passwords_backup.txt | Entropie : 5.25 bits (Δ+0.00) | IA : RANSOMWARE (niveau 1/5)
2026-04-20 23:51:01,911 | WARNING  | RansomwareDetector | 🧠 ML : RANSOMWARE | Confiance : 130% | Niveau : 1/5
   → Activité dans les normes habituelles.
2026-04-20 23:51:01,959 | WARNING  | RansomwareDetector.Watcher | ⚠️  MASSE : 67 fichiers modifiés en 60s (1.12/sec)
2026-04-20 23:51:01,721 | WARNING  | RansomwareDetector.Watcher | ⚠️  MASSE : 52 fichiers modifiés en 60s (0.87/sec)
2026-04-20 23:51:03,025 | CRITICAL | RansomwareDetector | 💀 [EMERGENCY] 💀 CHIFFREMENT DE MASSE DÉTECTÉ — 52 fichiers modifiés en 60s (0.9 fichiers/sec) — Isolation recommandée
2026-04-20 23:51:03,147 | WARNING  | RansomwareDetector.Watcher | ⚠️  MASSE : 61 fichiers modifiés en 60s (1.02/sec)
2026-04-20 23:51:03,159 | CRITICAL | RansomwareDetector | 💀 [EMERGENCY] 💀 CHIFFREMENT DE MASSE DÉTECTÉ — 61 fichiers modifiés en 60s (1.0 fichiers/sec) — Isolation recommandée
2026-04-20 23:51:03,088 | CRITICAL | RansomwareDetector.Watcher | 🚨 CANARY TOUCHÉ [MODIFIED] : C:\Users\Nouar\Documents\passwords_backup.txt
2026-04-20 23:51:03,630 | WARNING  | RansomwareDetector.Watcher | ⚠️  MASSE : 53 fichiers modifiés en 60s (0.88/sec)
2026-04-20 23:51:04,120 | CRITICAL | RansomwareDetector | 💀 [EMERGENCY] 💀 CHIFFREMENT DE MASSE DÉTECTÉ — 53 fichiers modifiés en 60s (0.9 fichiers/sec) — Isolation recommandée
2026-04-20 23:51:01,972 | CRITICAL | RansomwareDetector | 🚨 [CRITICAL] 🚨 CANARY COMPROMIS — Fichier : C:\Users\Nouar\Desktop\passwords_backup.txt | Entropie : 5.25 bits (Δ+0.00) | IA : RANSOMWARE (niveau 1/5)
2026-04-20 23:51:03,803 | WARNING  | RansomwareDetector.Watcher | ⚠️  MASSE : 62 fichiers modifiés en 60s (1.03/sec)
2026-04-20 23:51:04,880 | CRITICAL | RansomwareDetector | 💀 [EMERGENCY] 💀 CHIFFREMENT DE MASSE DÉTECTÉ — 62 fichiers modifiés en 60s (1.0 fichiers/sec) — Isolation recommandée
2026-04-20 23:51:04,726 | CRITICAL | RansomwareDetector.Watcher | 🚨 CANARY TOUCHÉ [MODIFIED] : C:\Users\Nouar\Downloads\passwords_backup.txt
2026-04-20 23:51:05,020 | WARNING  | RansomwareDetector.Watcher | ⚠️  MASSE : 54 fichiers modifiés en 60s (0.90/sec)
2026-04-20 23:51:05,027 | CRITICAL | RansomwareDetector | 💀 [EMERGENCY] 💀 CHIFFREMENT DE MASSE DÉTECTÉ — 54 fichiers modifiés en 60s (0.9 fichiers/sec) — Isolation recommandée
2026-04-20 23:51:05,255 | WARNING  | RansomwareDetector.Watcher | ⚠️  MASSE : 63 fichiers modifiés en 60s (1.05/sec)
2026-04-20 23:51:01,973 | CRITICAL | RansomwareDetector | ⚡ RÉPONSE AUTOMATIQUE DÉCLENCHÉE
2026-04-20 23:51:04,716 | CRITICAL | RansomwareDetector | 💀 [EMERGENCY] 💀 CHIFFREMENT DE MASSE DÉTECTÉ — 67 fichiers modifiés en 60s (1.1 fichiers/sec) — Isolation recommandée
2026-04-20 23:51:05,264 | CRITICAL | RansomwareDetector | 💀 [EMERGENCY] 💀 CHIFFREMENT DE MASSE DÉTECTÉ — 63 fichiers modifiés en 60s (1.1 fichiers/sec) — Isolation recommandée
2026-04-20 23:51:06,013 | WARNING  | RansomwareDetector.Watcher | ⚠️  MASSE : 64 fichiers modifiés en 60s (1.07/sec)
2026-04-20 23:51:06,017 | WARNING  | RansomwareDetector | 🧠 ML : RANSOMWARE | Confiance : 130% | Niveau : 1/5
   → Activité dans les normes habituelles.
2026-04-20 23:51:06,017 | CRITICAL | RansomwareDetector | 💀 [EMERGENCY] 💀 CHIFFREMENT DE MASSE DÉTECTÉ — 64 fichiers modifiés en 60s (1.1 fichiers/sec) — Isolation recommandée
2026-04-20 23:51:06,029 | CRITICAL | RansomwareDetector | 🚨 [CRITICAL] 🚨 CANARY COMPROMIS — Fichier : C:\Users\Nouar\Desktop\passwords_backup.txt | Entropie : 5.25 bits (Δ+0.00) | IA : RANSOMWARE (niveau 1/5)
2026-04-20 23:51:06,031 | WARNING  | RansomwareDetector | 🧠 ML : RANSOMWARE | Confiance : 130% | Niveau : 1/5
   → Activité dans les normes habituelles.
2026-04-20 23:51:06,045 | CRITICAL | RansomwareDetector | 🚨 [CRITICAL] 🚨 CANARY COMPROMIS — Fichier : C:\Users\Nouar\Desktop\passwords_backup.txt | Entropie : 5.25 bits (Δ+0.00) | IA : RANSOMWARE (niveau 1/5)
2026-04-20 23:51:06,051 | WARNING  | RansomwareDetector.Watcher | ⚠️  MASSE : 65 fichiers modifiés en 60s (1.08/sec)
2026-04-20 23:51:06,053 | CRITICAL | RansomwareDetector | ⚡ RÉPONSE AUTOMATIQUE DÉCLENCHÉE
2026-04-20 23:51:06,062 | CRITICAL | RansomwareDetector | 💀 [EMERGENCY] 💀 CHIFFREMENT DE MASSE DÉTECTÉ — 65 fichiers modifiés en 60s (1.1 fichiers/sec) — Isolation recommandée
2026-04-20 23:51:06,065 | CRITICAL | RansomwareDetector | ⚡ RÉPONSE AUTOMATIQUE DÉCLENCHÉE
2026-04-20 23:51:06,086 | WARNING  | RansomwareDetector.Watcher | ⚠️  MASSE : 66 fichiers modifiés en 60s (1.10/sec)
2026-04-20 23:51:08,519 | WARNING  | RansomwareDetector.Watcher | ⚠️  MASSE : 68 fichiers modifiés en 60s (1.13/sec)
2026-04-20 23:51:08,546 | CRITICAL | RansomwareDetector.Watcher | 🚨 CANARY TOUCHÉ [MODIFIED] : C:\Users\Nouar\Desktop\passwords_backup.txt
2026-04-20 23:51:08,562 | WARNING  | RansomwareDetector.Watcher | ⚠️  MASSE : 55 fichiers modifiés en 60s (0.92/sec)
2026-04-20 23:51:08,526 | CRITICAL | RansomwareDetector | ⚡ RÉPONSE AUTOMATIQUE DÉCLENCHÉE
2026-04-20 23:51:08,529 | CRITICAL | RansomwareDetector | 💀 [EMERGENCY] 💀 CHIFFREMENT DE MASSE DÉTECTÉ — 68 fichiers modifiés en 60s (1.1 fichiers/sec) — Isolation recommandée
2026-04-20 23:51:08,591 | CRITICAL | RansomwareDetector | 💀 [EMERGENCY] 💀 CHIFFREMENT DE MASSE DÉTECTÉ — 55 fichiers modifiés en 60s (0.9 fichiers/sec) — Isolation recommandée
2026-04-20 23:51:09,248 | CRITICAL | RansomwareDetector.Watcher | 🚨 CANARY TOUCHÉ [MODIFIED] : C:\Users\Nouar\Documents\passwords_backup.txt
2026-04-20 23:51:09,276 | WARNING  | RansomwareDetector.Watcher | ⚠️  MASSE : 56 fichiers modifiés en 60s (0.93/sec)
2026-04-20 23:51:09,302 | CRITICAL | RansomwareDetector | 💀 [EMERGENCY] 💀 CHIFFREMENT DE MASSE DÉTECTÉ — 56 fichiers modifiés en 60s (0.9 fichiers/sec) — Isolation recommandée
2026-04-20 23:51:06,201 | CRITICAL | RansomwareDetector | 💀 [EMERGENCY] 💀 CHIFFREMENT DE MASSE DÉTECTÉ — 66 fichiers modifiés en 60s (1.1 fichiers/sec) — Isolation recommandée
2026-04-20 23:51:09,798 | CRITICAL | RansomwareDetector.Watcher | 🚨 CANARY TOUCHÉ [MODIFIED] : C:\Users\Nouar\Desktop\passwords_backup.txt
2026-04-20 23:51:09,800 | WARNING  | RansomwareDetector.Watcher | ⚠️  MASSE : 57 fichiers modifiés en 60s (0.95/sec)
2026-04-20 23:51:09,804 | CRITICAL | RansomwareDetector | 💀 [EMERGENCY] 💀 CHIFFREMENT DE MASSE DÉTECTÉ — 57 fichiers modifiés en 60s (0.9 fichiers/sec) — Isolation recommandée
2026-04-20 23:51:09,815 | WARNING  | RansomwareDetector.Watcher | ⚠️  MASSE : 69 fichiers modifiés en 60s (1.15/sec)
2026-04-20 23:51:09,858 | CRITICAL | RansomwareDetector | 💀 [EMERGENCY] 💀 CHIFFREMENT DE MASSE DÉTECTÉ — 69 fichiers modifiés en 60s (1.1 fichiers/sec) — Isolation recommandée
2026-04-20 23:51:09,865 | WARNING  | RansomwareDetector.Watcher | ⚠️  MASSE : 70 fichiers modifiés en 60s (1.17/sec)
2026-04-20 23:51:09,868 | CRITICAL | RansomwareDetector | 💀 [EMERGENCY] 💀 CHIFFREMENT DE MASSE DÉTECTÉ — 70 fichiers modifiés en 60s (1.2 fichiers/sec) — Isolation recommandée
2026-04-20 23:51:09,874 | WARNING  | RansomwareDetector.Watcher | ⚠️  MASSE : 71 fichiers modifiés en 60s (1.18/sec)
2026-04-20 23:51:09,876 | CRITICAL | RansomwareDetector | 💀 [EMERGENCY] 💀 CHIFFREMENT DE MASSE DÉTECTÉ — 71 fichiers modifiés en 60s (1.2 fichiers/sec) — Isolation recommandée
2026-04-20 23:51:09,882 | WARNING  | RansomwareDetector.Watcher | ⚠️  MASSE : 72 fichiers modifiés en 60s (1.20/sec)
2026-04-20 23:51:09,884 | CRITICAL | RansomwareDetector | 💀 [EMERGENCY] 💀 CHIFFREMENT DE MASSE DÉTECTÉ — 72 fichiers modifiés en 60s (1.2 fichiers/sec) — Isolation recommandée
2026-04-20 23:51:09,895 | WARNING  | RansomwareDetector.Watcher | ⚠️  MASSE : 73 fichiers modifiés en 60s (1.22/sec)
2026-04-20 23:51:09,902 | CRITICAL | RansomwareDetector | 💀 [EMERGENCY] 💀 CHIFFREMENT DE MASSE DÉTECTÉ — 73 fichiers modifiés en 60s (1.2 fichiers/sec) — Isolation recommandée
2026-04-20 23:51:09,911 | WARNING  | RansomwareDetector.Watcher | ⚠️  MASSE : 74 fichiers modifiés en 60s (1.23/sec)
2026-04-20 23:51:09,917 | CRITICAL | RansomwareDetector | 💀 [EMERGENCY] 💀 CHIFFREMENT DE MASSE DÉTECTÉ — 74 fichiers modifiés en 60s (1.2 fichiers/sec) — Isolation recommandée
2026-04-20 23:51:09,811 | CRITICAL | RansomwareDetector.Watcher | 🚨 CANARY TOUCHÉ [MODIFIED] : C:\Users\Nouar\Downloads\passwords_backup.txt
2026-04-20 23:51:10,182 | WARNING  | RansomwareDetector.Watcher | ⚠️  MASSE : 75 fichiers modifiés en 60s (1.25/sec)
2026-04-20 23:51:10,505 | WARNING  | RansomwareDetector.Watcher | ⚠️  MASSE : 58 fichiers modifiés en 60s (0.97/sec)
2026-04-20 23:51:10,510 | CRITICAL | RansomwareDetector | 💀 [EMERGENCY] 💀 CHIFFREMENT DE MASSE DÉTECTÉ — 58 fichiers modifiés en 60s (1.0 fichiers/sec) — Isolation recommandée
2026-04-20 23:51:10,547 | WARNING  | RansomwareDetector.Watcher | ⚠️  MASSE : 67 fichiers modifiés en 60s (1.12/sec)
2026-04-20 23:51:10,549 | CRITICAL | RansomwareDetector | 💀 [EMERGENCY] 💀 CHIFFREMENT DE MASSE DÉTECTÉ — 67 fichiers modifiés en 60s (1.1 fichiers/sec) — Isolation recommandée
2026-04-20 23:51:10,557 | WARNING  | RansomwareDetector.Watcher | ⚠️  MASSE : 68 fichiers modifiés en 60s (1.13/sec)
2026-04-20 23:51:10,560 | CRITICAL | RansomwareDetector | 💀 [EMERGENCY] 💀 CHIFFREMENT DE MASSE DÉTECTÉ — 68 fichiers modifiés en 60s (1.1 fichiers/sec) — Isolation recommandée
2026-04-20 23:51:10,202 | CRITICAL | RansomwareDetector | 💀 [EMERGENCY] 💀 CHIFFREMENT DE MASSE DÉTECTÉ — 75 fichiers modifiés en 60s (1.2 fichiers/sec) — Isolation recommandée
2026-04-20 23:51:10,914 | CRITICAL | RansomwareDetector.Watcher | 🚨 CANARY TOUCHÉ [CREATED] : C:\Users\Nouar\Desktop\financial_report_2024.xlsx
2026-04-20 23:51:10,567 | WARNING  | RansomwareDetector.Watcher | ⚠️  MASSE : 69 fichiers modifiés en 60s (1.15/sec)
2026-04-20 23:51:11,129 | CRITICAL | RansomwareDetector | 💀 [EMERGENCY] 💀 CHIFFREMENT DE MASSE DÉTECTÉ — 69 fichiers modifiés en 60s (1.1 fichiers/sec) — Isolation recommandée
2026-04-20 23:51:10,704 | WARNING  | RansomwareDetector.Watcher | ⚠️  MASSE : 76 fichiers modifiés en 60s (1.27/sec)
2026-04-20 23:51:11,191 | CRITICAL | RansomwareDetector | 💀 [EMERGENCY] 💀 CHIFFREMENT DE MASSE DÉTECTÉ — 76 fichiers modifiés en 60s (1.3 fichiers/sec) — Isolation recommandée
2026-04-20 23:51:11,196 | WARNING  | RansomwareDetector.Watcher | ⚠️  MASSE : 77 fichiers modifiés en 60s (1.28/sec)
2026-04-20 23:51:11,198 | CRITICAL | RansomwareDetector | 💀 [EMERGENCY] 💀 CHIFFREMENT DE MASSE DÉTECTÉ — 77 fichiers modifiés en 60s (1.3 fichiers/sec) — Isolation recommandée
2026-04-20 23:51:11,202 | WARNING  | RansomwareDetector.Watcher | ⚠️  MASSE : 78 fichiers modifiés en 60s (1.30/sec)
2026-04-20 23:51:11,205 | CRITICAL | RansomwareDetector | 💀 [EMERGENCY] 💀 CHIFFREMENT DE MASSE DÉTECTÉ — 78 fichiers modifiés en 60s (1.3 fichiers/sec) — Isolation recommandée
2026-04-20 23:51:11,328 | WARNING  | RansomwareDetector.Watcher | ⚠️  MASSE : 59 fichiers modifiés en 60s (0.98/sec)
2026-04-20 23:51:11,211 | WARNING  | RansomwareDetector.Watcher | ⚠️  MASSE : 79 fichiers modifiés en 60s (1.32/sec)
2026-04-20 23:51:11,484 | CRITICAL | RansomwareDetector | 💀 [EMERGENCY] 💀 CHIFFREMENT DE MASSE DÉTECTÉ — 79 fichiers modifiés en 60s (1.3 fichiers/sec) — Isolation recommandée
2026-04-20 23:51:11,490 | WARNING  | RansomwareDetector.Watcher | ⚠️  MASSE : 80 fichiers modifiés en 60s (1.33/sec)
2026-04-20 23:51:11,494 | CRITICAL | RansomwareDetector | 💀 [EMERGENCY] 💀 CHIFFREMENT DE MASSE DÉTECTÉ — 80 fichiers modifiés en 60s (1.3 fichiers/sec) — Isolation recommandée
2026-04-20 23:51:11,499 | WARNING  | RansomwareDetector.Watcher | ⚠️  MASSE : 81 fichiers modifiés en 60s (1.35/sec)
2026-04-20 23:51:11,502 | CRITICAL | RansomwareDetector | 💀 [EMERGENCY] 💀 CHIFFREMENT DE MASSE DÉTECTÉ — 81 fichiers modifiés en 60s (1.4 fichiers/sec) — Isolation recommandée
2026-04-20 23:51:11,553 | CRITICAL | RansomwareDetector | 💀 [EMERGENCY] 💀 CHIFFREMENT DE MASSE DÉTECTÉ — 59 fichiers modifiés en 60s (1.0 fichiers/sec) — Isolation recommandée
2026-04-20 23:51:11,136 | WARNING  | RansomwareDetector.Watcher | ⚠️  MASSE : 70 fichiers modifiés en 60s (1.17/sec)
2026-04-20 23:51:11,932 | CRITICAL | RansomwareDetector | 💀 [EMERGENCY] 💀 CHIFFREMENT DE MASSE DÉTECTÉ — 70 fichiers modifiés en 60s (1.2 fichiers/sec) — Isolation recommandée
2026-04-20 23:51:11,944 | WARNING  | RansomwareDetector.Watcher | ⚠️  MASSE : 71 fichiers modifiés en 60s (1.18/sec)
2026-04-20 23:51:11,950 | CRITICAL | RansomwareDetector | 💀 [EMERGENCY] 💀 CHIFFREMENT DE MASSE DÉTECTÉ — 71 fichiers modifiés en 60s (1.2 fichiers/sec) — Isolation recommandée
2026-04-20 23:51:11,961 | WARNING  | RansomwareDetector.Watcher | ⚠️  MASSE : 72 fichiers modifiés en 60s (1.20/sec)
2026-04-20 23:51:11,969 | CRITICAL | RansomwareDetector | 💀 [EMERGENCY] 💀 CHIFFREMENT DE MASSE DÉTECTÉ — 72 fichiers modifiés en 60s (1.2 fichiers/sec) — Isolation recommandée
2026-04-20 23:51:11,979 | WARNING  | RansomwareDetector.Watcher | ⚠️  MASSE : 73 fichiers modifiés en 60s (1.22/sec)
2026-04-20 23:51:11,985 | CRITICAL | RansomwareDetector | 💀 [EMERGENCY] 💀 CHIFFREMENT DE MASSE DÉTECTÉ — 73 fichiers modifiés en 60s (1.2 fichiers/sec) — Isolation recommandée
2026-04-20 23:51:12,000 | WARNING  | RansomwareDetector.Watcher | ⚠️  MASSE : 74 fichiers modifiés en 60s (1.23/sec)
2026-04-20 23:51:12,009 | CRITICAL | RansomwareDetector | 💀 [EMERGENCY] 💀 CHIFFREMENT DE MASSE DÉTECTÉ — 74 fichiers modifiés en 60s (1.2 fichiers/sec) — Isolation recommandée
2026-04-20 23:51:12,021 | WARNING  | RansomwareDetector.Watcher | ⚠️  MASSE : 75 fichiers modifiés en 60s (1.25/sec)
2026-04-20 23:51:12,030 | CRITICAL | RansomwareDetector | 💀 [EMERGENCY] 💀 CHIFFREMENT DE MASSE DÉTECTÉ — 75 fichiers modifiés en 60s (1.2 fichiers/sec) — Isolation recommandée
2026-04-20 23:51:12,043 | WARNING  | RansomwareDetector.Watcher | ⚠️  MASSE : 76 fichiers modifiés en 60s (1.27/sec)
2026-04-20 23:51:12,049 | CRITICAL | RansomwareDetector | 💀 [EMERGENCY] 💀 CHIFFREMENT DE MASSE DÉTECTÉ — 76 fichiers modifiés en 60s (1.3 fichiers/sec) — Isolation recommandée
2026-04-20 23:51:12,062 | WARNING  | RansomwareDetector.Watcher | ⚠️  MASSE : 77 fichiers modifiés en 60s (1.28/sec)
2026-04-20 23:51:12,069 | CRITICAL | RansomwareDetector | 💀 [EMERGENCY] 💀 CHIFFREMENT DE MASSE DÉTECTÉ — 77 fichiers modifiés en 60s (1.3 fichiers/sec) — Isolation recommandée
2026-04-20 23:51:12,081 | WARNING  | RansomwareDetector.Watcher | ⚠️  MASSE : 78 fichiers modifiés en 60s (1.30/sec)
2026-04-20 23:51:12,088 | CRITICAL | RansomwareDetector | 💀 [EMERGENCY] 💀 CHIFFREMENT DE MASSE DÉTECTÉ — 78 fichiers modifiés en 60s (1.3 fichiers/sec) — Isolation recommandée
2026-04-20 23:51:12,098 | WARNING  | RansomwareDetector.Watcher | ⚠️  MASSE : 79 fichiers modifiés en 60s (1.32/sec)
2026-04-20 23:51:12,109 | CRITICAL | RansomwareDetector | 💀 [EMERGENCY] 💀 CHIFFREMENT DE MASSE DÉTECTÉ — 79 fichiers modifiés en 60s (1.3 fichiers/sec) — Isolation recommandée
2026-04-20 23:51:12,119 | WARNING  | RansomwareDetector.Watcher | ⚠️  MASSE : 80 fichiers modifiés en 60s (1.33/sec)
2026-04-20 23:51:12,125 | CRITICAL | RansomwareDetector | 💀 [EMERGENCY] 💀 CHIFFREMENT DE MASSE DÉTECTÉ — 80 fichiers modifiés en 60s (1.3 fichiers/sec) — Isolation recommandée
2026-04-20 23:51:12,133 | WARNING  | RansomwareDetector.Watcher | ⚠️  MASSE : 81 fichiers modifiés en 60s (1.35/sec)
2026-04-20 23:51:12,139 | CRITICAL | RansomwareDetector | 💀 [EMERGENCY] 💀 CHIFFREMENT DE MASSE DÉTECTÉ — 81 fichiers modifiés en 60s (1.4 fichiers/sec) — Isolation recommandée
2026-04-20 23:51:12,147 | WARNING  | RansomwareDetector.Watcher | ⚠️  MASSE : 82 fichiers modifiés en 60s (1.37/sec)
2026-04-20 23:51:12,154 | CRITICAL | RansomwareDetector | 💀 [EMERGENCY] 💀 CHIFFREMENT DE MASSE DÉTECTÉ — 82 fichiers modifiés en 60s (1.4 fichiers/sec) — Isolation recommandée
2026-04-20 23:51:12,164 | WARNING  | RansomwareDetector.Watcher | ⚠️  MASSE : 83 fichiers modifiés en 60s (1.38/sec)
2026-04-20 23:51:12,171 | CRITICAL | RansomwareDetector | 💀 [EMERGENCY] 💀 CHIFFREMENT DE MASSE DÉTECTÉ — 83 fichiers modifiés en 60s (1.4 fichiers/sec) — Isolation recommandée
2026-04-20 23:51:12,184 | WARNING  | RansomwareDetector.Watcher | ⚠️  MASSE : 84 fichiers modifiés en 60s (1.40/sec)
2026-04-20 23:51:12,189 | CRITICAL | RansomwareDetector | 💀 [EMERGENCY] 💀 CHIFFREMENT DE MASSE DÉTECTÉ — 84 fichiers modifiés en 60s (1.4 fichiers/sec) — Isolation recommandée
2026-04-20 23:51:12,200 | WARNING  | RansomwareDetector.Watcher | ⚠️  MASSE : 85 fichiers modifiés en 60s (1.42/sec)
2026-04-20 23:51:12,207 | CRITICAL | RansomwareDetector | 💀 [EMERGENCY] 💀 CHIFFREMENT DE MASSE DÉTECTÉ — 85 fichiers modifiés en 60s (1.4 fichiers/sec) — Isolation recommandée
2026-04-20 23:51:12,220 | WARNING  | RansomwareDetector.Watcher | ⚠️  MASSE : 86 fichiers modifiés en 60s (1.43/sec)
2026-04-20 23:51:12,229 | CRITICAL | RansomwareDetector | 💀 [EMERGENCY] 💀 CHIFFREMENT DE MASSE DÉTECTÉ — 86 fichiers modifiés en 60s (1.4 fichiers/sec) — Isolation recommandée
2026-04-20 23:51:12,468 | CRITICAL | RansomwareDetector.Watcher | 🚨 CANARY TOUCHÉ [CREATED] : C:\Users\Nouar\Documents\financial_report_2024.xlsx
2026-04-20 23:51:12,582 | WARNING  | RansomwareDetector.Watcher | ⚠️  MASSE : 60 fichiers modifiés en 60s (1.00/sec)
2026-04-20 23:51:13,135 | CRITICAL | RansomwareDetector | 💀 [EMERGENCY] 💀 CHIFFREMENT DE MASSE DÉTECTÉ — 60 fichiers modifiés en 60s (1.0 fichiers/sec) — Isolation recommandée
2026-04-20 23:51:13,261 | WARNING  | RansomwareDetector.Watcher | ⚠️  MASSE : 87 fichiers modifiés en 60s (1.45/sec)
2026-04-20 23:51:13,771 | CRITICAL | RansomwareDetector.Watcher | 🚨 CANARY TOUCHÉ [MODIFIED] : C:\Users\Nouar\Documents\financial_report_2024.xlsx
2026-04-20 23:51:13,776 | WARNING  | RansomwareDetector.Watcher | ⚠️  MASSE : 61 fichiers modifiés en 60s (1.02/sec)
2026-04-20 23:51:13,784 | CRITICAL | RansomwareDetector | 💀 [EMERGENCY] 💀 CHIFFREMENT DE MASSE DÉTECTÉ — 61 fichiers modifiés en 60s (1.0 fichiers/sec) — Isolation recommandée
2026-04-20 23:51:13,790 | CRITICAL | RansomwareDetector.Watcher | 🚨 CANARY TOUCHÉ [CREATED] : C:\Users\Nouar\Downloads\financial_report_2024.xlsx
2026-04-20 23:51:13,798 | WARNING  | RansomwareDetector.Watcher | ⚠️  MASSE : 62 fichiers modifiés en 60s (1.03/sec)
2026-04-20 23:51:13,805 | CRITICAL | RansomwareDetector | 💀 [EMERGENCY] 💀 CHIFFREMENT DE MASSE DÉTECTÉ — 62 fichiers modifiés en 60s (1.0 fichiers/sec) — Isolation recommandée
2026-04-20 23:51:13,811 | CRITICAL | RansomwareDetector.Watcher | 🚨 CANARY TOUCHÉ [MODIFIED] : C:\Users\Nouar\Downloads\financial_report_2024.xlsx
2026-04-20 23:51:13,820 | WARNING  | RansomwareDetector.Watcher | ⚠️  MASSE : 63 fichiers modifiés en 60s (1.05/sec)
2026-04-20 23:51:13,280 | CRITICAL | RansomwareDetector | 💀 [EMERGENCY] 💀 CHIFFREMENT DE MASSE DÉTECTÉ — 87 fichiers modifiés en 60s (1.4 fichiers/sec) — Isolation recommandée
2026-04-20 23:51:13,836 | CRITICAL | RansomwareDetector | 💀 [EMERGENCY] 💀 CHIFFREMENT DE MASSE DÉTECTÉ — 63 fichiers modifiés en 60s (1.1 fichiers/sec) — Isolation recommandée
2026-04-20 23:51:13,857 | WARNING  | RansomwareDetector.Watcher | ⚠️  MASSE : 88 fichiers modifiés en 60s (1.47/sec)
2026-04-20 23:51:11,718 | WARNING  | RansomwareDetector.Watcher | ⚠️  MASSE : 82 fichiers modifiés en 60s (1.37/sec)
2026-04-20 23:51:14,663 | CRITICAL | RansomwareDetector.Watcher | 🚨 CANARY TOUCHÉ [MODIFIED] : C:\Users\Nouar\Documents\financial_report_2024.xlsx
2026-04-20 23:51:14,706 | WARNING  | RansomwareDetector.Watcher | ⚠️  MASSE : 64 fichiers modifiés en 60s (1.07/sec)
2026-04-20 23:51:14,765 | CRITICAL | RansomwareDetector | 💀 [EMERGENCY] 💀 CHIFFREMENT DE MASSE DÉTECTÉ — 64 fichiers modifiés en 60s (1.1 fichiers/sec) — Isolation recommandée
2026-04-20 23:51:15,032 | CRITICAL | RansomwareDetector.Watcher | 🚨 CANARY TOUCHÉ [CREATED] : C:\Users\Nouar\Documents\client_database.csv
2026-04-20 23:51:15,062 | WARNING  | RansomwareDetector.Watcher | ⚠️  MASSE : 65 fichiers modifiés en 60s (1.08/sec)
2026-04-20 23:51:15,079 | CRITICAL | RansomwareDetector | 💀 [EMERGENCY] 💀 CHIFFREMENT DE MASSE DÉTECTÉ — 65 fichiers modifiés en 60s (1.1 fichiers/sec) — Isolation recommandée
2026-04-20 23:51:15,425 | CRITICAL | RansomwareDetector.Watcher | 🚨 CANARY TOUCHÉ [MODIFIED] : C:\Users\Nouar\Desktop\financial_report_2024.xlsx
2026-04-20 23:51:15,452 | CRITICAL | RansomwareDetector | 💀 [EMERGENCY] 💀 CHIFFREMENT DE MASSE DÉTECTÉ — 88 fichiers modifiés en 60s (1.5 fichiers/sec) — Isolation recommandée
2026-04-20 23:51:15,634 | WARNING  | RansomwareDetector.Watcher | ⚠️  MASSE : 66 fichiers modifiés en 60s (1.10/sec)
2026-04-20 23:51:15,686 | WARNING  | RansomwareDetector.Watcher | ⚠️  MASSE : 89 fichiers modifiés en 60s (1.48/sec)
2026-04-20 23:51:15,689 | CRITICAL | RansomwareDetector | 💀 [EMERGENCY] 💀 CHIFFREMENT DE MASSE DÉTECTÉ — 89 fichiers modifiés en 60s (1.5 fichiers/sec) — Isolation recommandée
2026-04-20 23:51:14,550 | CRITICAL | RansomwareDetector | 💀 [EMERGENCY] 💀 CHIFFREMENT DE MASSE DÉTECTÉ — 82 fichiers modifiés en 60s (1.4 fichiers/sec) — Isolation recommandée
2026-04-20 23:51:15,911 | WARNING  | RansomwareDetector.Watcher | ⚠️  MASSE : 83 fichiers modifiés en 60s (1.38/sec)
2026-04-20 23:51:15,915 | CRITICAL | RansomwareDetector | 💀 [EMERGENCY] 💀 CHIFFREMENT DE MASSE DÉTECTÉ — 83 fichiers modifiés en 60s (1.4 fichiers/sec) — Isolation recommandée
2026-04-20 23:51:15,918 | WARNING  | RansomwareDetector.Watcher | ⚠️  MASSE : 84 fichiers modifiés en 60s (1.40/sec)
2026-04-20 23:51:15,923 | CRITICAL | RansomwareDetector | 💀 [EMERGENCY] 💀 CHIFFREMENT DE MASSE DÉTECTÉ — 84 fichiers modifiés en 60s (1.4 fichiers/sec) — Isolation recommandée
2026-04-20 23:51:15,929 | WARNING  | RansomwareDetector.Watcher | ⚠️  MASSE : 85 fichiers modifiés en 60s (1.42/sec)
2026-04-20 23:51:15,932 | CRITICAL | RansomwareDetector | 💀 [EMERGENCY] 💀 CHIFFREMENT DE MASSE DÉTECTÉ — 85 fichiers modifiés en 60s (1.4 fichiers/sec) — Isolation recommandée
2026-04-20 23:51:16,252 | WARNING  | RansomwareDetector.Watcher | ⚠️  MASSE : 86 fichiers modifiés en 60s (1.43/sec)
2026-04-20 23:51:16,255 | CRITICAL | RansomwareDetector | 💀 [EMERGENCY] 💀 CHIFFREMENT DE MASSE DÉTECTÉ — 86 fichiers modifiés en 60s (1.4 fichiers/sec) — Isolation recommandée
2026-04-20 23:51:16,262 | WARNING  | RansomwareDetector.Watcher | ⚠️  MASSE : 87 fichiers modifiés en 60s (1.45/sec)
2026-04-20 23:51:16,266 | CRITICAL | RansomwareDetector | 💀 [EMERGENCY] 💀 CHIFFREMENT DE MASSE DÉTECTÉ — 87 fichiers modifiés en 60s (1.4 fichiers/sec) — Isolation recommandée
2026-04-20 23:51:16,272 | WARNING  | RansomwareDetector.Watcher | ⚠️  MASSE : 88 fichiers modifiés en 60s (1.47/sec)
2026-04-20 23:51:16,275 | CRITICAL | RansomwareDetector | 💀 [EMERGENCY] 💀 CHIFFREMENT DE MASSE DÉTECTÉ — 88 fichiers modifiés en 60s (1.5 fichiers/sec) — Isolation recommandée
2026-04-20 23:51:16,276 | WARNING  | RansomwareDetector.Watcher | ⚠️  MASSE : 90 fichiers modifiés en 60s (1.50/sec)
2026-04-20 23:51:16,278 | CRITICAL | RansomwareDetector | 💀 [EMERGENCY] 💀 CHIFFREMENT DE MASSE DÉTECTÉ — 90 fichiers modifiés en 60s (1.5 fichiers/sec) — Isolation recommandée
2026-04-20 23:51:16,280 | WARNING  | RansomwareDetector.Watcher | ⚠️  MASSE : 89 fichiers modifiés en 60s (1.48/sec)
2026-04-20 23:51:16,282 | WARNING  | RansomwareDetector.Watcher | ⚠️  MASSE : 91 fichiers modifiés en 60s (1.52/sec)
2026-04-20 23:51:16,284 | CRITICAL | RansomwareDetector | 💀 [EMERGENCY] 💀 CHIFFREMENT DE MASSE DÉTECTÉ — 89 fichiers modifiés en 60s (1.5 fichiers/sec) — Isolation recommandée
2026-04-20 23:51:16,284 | CRITICAL | RansomwareDetector | 💀 [EMERGENCY] 💀 CHIFFREMENT DE MASSE DÉTECTÉ — 91 fichiers modifiés en 60s (1.5 fichiers/sec) — Isolation recommandée
2026-04-20 23:51:16,290 | WARNING  | RansomwareDetector.Watcher | ⚠️  MASSE : 92 fichiers modifiés en 60s (1.53/sec)
2026-04-20 23:51:16,293 | CRITICAL | RansomwareDetector | 💀 [EMERGENCY] 💀 CHIFFREMENT DE MASSE DÉTECTÉ — 92 fichiers modifiés en 60s (1.5 fichiers/sec) — Isolation recommandée
2026-04-20 23:51:16,297 | WARNING  | RansomwareDetector.Watcher | ⚠️  MASSE : 93 fichiers modifiés en 60s (1.55/sec)
2026-04-20 23:51:16,299 | CRITICAL | RansomwareDetector | 💀 [EMERGENCY] 💀 CHIFFREMENT DE MASSE DÉTECTÉ — 93 fichiers modifiés en 60s (1.6 fichiers/sec) — Isolation recommandée
2026-04-20 23:51:15,655 | CRITICAL | RansomwareDetector | 💀 [EMERGENCY] 💀 CHIFFREMENT DE MASSE DÉTECTÉ — 66 fichiers modifiés en 60s (1.1 fichiers/sec) — Isolation recommandée
2026-04-20 23:51:16,734 | WARNING  | RansomwareDetector.Watcher | ⚠️  MASSE : 90 fichiers modifiés en 60s (1.50/sec)
2026-04-20 23:51:16,738 | CRITICAL | RansomwareDetector | 💀 [EMERGENCY] 💀 CHIFFREMENT DE MASSE DÉTECTÉ — 90 fichiers modifiés en 60s (1.5 fichiers/sec) — Isolation recommandée
2026-04-20 23:51:16,743 | WARNING  | RansomwareDetector.Watcher | ⚠️  MASSE : 91 fichiers modifiés en 60s (1.52/sec)
2026-04-20 23:51:16,746 | CRITICAL | RansomwareDetector | 💀 [EMERGENCY] 💀 CHIFFREMENT DE MASSE DÉTECTÉ — 91 fichiers modifiés en 60s (1.5 fichiers/sec) — Isolation recommandée
2026-04-20 23:51:16,754 | WARNING  | RansomwareDetector.Watcher | ⚠️  MASSE : 92 fichiers modifiés en 60s (1.53/sec)
2026-04-20 23:51:16,762 | CRITICAL | RansomwareDetector | 💀 [EMERGENCY] 💀 CHIFFREMENT DE MASSE DÉTECTÉ — 92 fichiers modifiés en 60s (1.5 fichiers/sec) — Isolation recommandée
2026-04-20 23:51:16,770 | WARNING  | RansomwareDetector.Watcher | ⚠️  MASSE : 93 fichiers modifiés en 60s (1.55/sec)
2026-04-20 23:51:16,776 | CRITICAL | RansomwareDetector | 💀 [EMERGENCY] 💀 CHIFFREMENT DE MASSE DÉTECTÉ — 93 fichiers modifiés en 60s (1.6 fichiers/sec) — Isolation recommandée
2026-04-20 23:51:16,788 | WARNING  | RansomwareDetector.Watcher | ⚠️  MASSE : 94 fichiers modifiés en 60s (1.57/sec)
2026-04-20 23:51:16,795 | CRITICAL | RansomwareDetector | 💀 [EMERGENCY] 💀 CHIFFREMENT DE MASSE DÉTECTÉ — 94 fichiers modifiés en 60s (1.6 fichiers/sec) — Isolation recommandée
2026-04-20 23:51:17,224 | WARNING  | RansomwareDetector.Watcher | ⚠️  MASSE : 95 fichiers modifiés en 60s (1.58/sec)
2026-04-20 23:51:17,231 | CRITICAL | RansomwareDetector | 💀 [EMERGENCY] 💀 CHIFFREMENT DE MASSE DÉTECTÉ — 95 fichiers modifiés en 60s (1.6 fichiers/sec) — Isolation recommandée
2026-04-20 23:51:17,308 | WARNING  | RansomwareDetector.Watcher | ⚠️  MASSE : 96 fichiers modifiés en 60s (1.60/sec)
2026-04-20 23:51:17,315 | CRITICAL | RansomwareDetector | 💀 [EMERGENCY] 💀 CHIFFREMENT DE MASSE DÉTECTÉ — 96 fichiers modifiés en 60s (1.6 fichiers/sec) — Isolation recommandée
2026-04-20 23:51:17,889 | CRITICAL | RansomwareDetector.Watcher | 🚨 CANARY TOUCHÉ [CREATED] : C:\Users\Nouar\Desktop\client_database.csv
2026-04-20 23:51:18,162 | WARNING  | RansomwareDetector.Watcher | ⚠️  MASSE : 97 fichiers modifiés en 60s (1.62/sec)
2026-04-20 23:51:18,169 | CRITICAL | RansomwareDetector | 💀 [EMERGENCY] 💀 CHIFFREMENT DE MASSE DÉTECTÉ — 97 fichiers modifiés en 60s (1.6 fichiers/sec) — Isolation recommandée
2026-04-20 23:51:18,180 | WARNING  | RansomwareDetector.Watcher | ⚠️  MASSE : 98 fichiers modifiés en 60s (1.63/sec)
2026-04-20 23:51:18,189 | CRITICAL | RansomwareDetector | 💀 [EMERGENCY] 💀 CHIFFREMENT DE MASSE DÉTECTÉ — 98 fichiers modifiés en 60s (1.6 fichiers/sec) — Isolation recommandée
2026-04-20 23:51:17,907 | WARNING  | RansomwareDetector.Watcher | ⚠️  MASSE : 67 fichiers modifiés en 60s (1.12/sec)
2026-04-20 23:51:18,566 | CRITICAL | RansomwareDetector | 💀 [EMERGENCY] 💀 CHIFFREMENT DE MASSE DÉTECTÉ — 67 fichiers modifiés en 60s (1.1 fichiers/sec) — Isolation recommandée
2026-04-20 23:51:18,197 | WARNING  | RansomwareDetector.Watcher | ⚠️  MASSE : 99 fichiers modifiés en 60s (1.65/sec)
2026-04-20 23:51:18,585 | CRITICAL | RansomwareDetector | 💀 [EMERGENCY] 💀 CHIFFREMENT DE MASSE DÉTECTÉ — 99 fichiers modifiés en 60s (1.6 fichiers/sec) — Isolation recommandée
2026-04-20 23:51:18,794 | WARNING  | RansomwareDetector.Watcher | ⚠️  MASSE : 94 fichiers modifiés en 60s (1.57/sec)
2026-04-20 23:51:18,797 | CRITICAL | RansomwareDetector | 💀 [EMERGENCY] 💀 CHIFFREMENT DE MASSE DÉTECTÉ — 94 fichiers modifiés en 60s (1.6 fichiers/sec) — Isolation recommandée
2026-04-20 23:51:18,597 | CRITICAL | RansomwareDetector.Watcher | 🚨 CANARY TOUCHÉ [MODIFIED] : C:\Users\Nouar\Downloads\financial_report_2024.xlsx
2026-04-20 23:51:18,889 | WARNING  | RansomwareDetector.Watcher | ⚠️  MASSE : 68 fichiers modifiés en 60s (1.13/sec)
2026-04-20 23:51:18,974 | WARNING  | RansomwareDetector.Watcher | ⚠️  MASSE : 100 fichiers modifiés en 60s (1.67/sec)
2026-04-20 23:51:19,064 | CRITICAL | RansomwareDetector | 💀 [EMERGENCY] 💀 CHIFFREMENT DE MASSE DÉTECTÉ — 68 fichiers modifiés en 60s (1.1 fichiers/sec) — Isolation recommandée
2026-04-20 23:51:19,107 | WARNING  | RansomwareDetector.Watcher | ⚠️  MASSE : 95 fichiers modifiés en 60s (1.58/sec)
2026-04-20 23:51:19,011 | CRITICAL | RansomwareDetector | 💀 [EMERGENCY] 💀 CHIFFREMENT DE MASSE DÉTECTÉ — 100 fichiers modifiés en 60s (1.7 fichiers/sec) — Isolation recommandée
2026-04-20 23:51:19,361 | CRITICAL | RansomwareDetector.Watcher | 🚨 CANARY TOUCHÉ [MODIFIED] : C:\Users\Nouar\Desktop\client_database.csv
2026-04-20 23:51:19,363 | WARNING  | RansomwareDetector.Watcher | ⚠️  MASSE : 69 fichiers modifiés en 60s (1.15/sec)
2026-04-20 23:51:19,365 | CRITICAL | RansomwareDetector | 💀 [EMERGENCY] 💀 CHIFFREMENT DE MASSE DÉTECTÉ — 69 fichiers modifiés en 60s (1.1 fichiers/sec) — Isolation recommandée
2026-04-20 23:51:19,390 | WARNING  | RansomwareDetector.Watcher | ⚠️  MASSE : 101 fichiers modifiés en 60s (1.68/sec)
2026-04-20 23:51:19,654 | CRITICAL | RansomwareDetector | 💀 [EMERGENCY] 💀 CHIFFREMENT DE MASSE DÉTECTÉ — 101 fichiers modifiés en 60s (1.7 fichiers/sec) — Isolation recommandée
2026-04-20 23:51:19,657 | WARNING  | RansomwareDetector.Watcher | ⚠️  MASSE : 102 fichiers modifiés en 60s (1.70/sec)
2026-04-20 23:51:19,660 | CRITICAL | RansomwareDetector | 💀 [EMERGENCY] 💀 CHIFFREMENT DE MASSE DÉTECTÉ — 102 fichiers modifiés en 60s (1.7 fichiers/sec) — Isolation recommandée
2026-04-20 23:51:19,665 | WARNING  | RansomwareDetector.Watcher | ⚠️  MASSE : 103 fichiers modifiés en 60s (1.72/sec)
2026-04-20 23:51:19,668 | CRITICAL | RansomwareDetector | 💀 [EMERGENCY] 💀 CHIFFREMENT DE MASSE DÉTECTÉ — 103 fichiers modifiés en 60s (1.7 fichiers/sec) — Isolation recommandée
2026-04-20 23:51:19,673 | WARNING  | RansomwareDetector.Watcher | ⚠️  MASSE : 104 fichiers modifiés en 60s (1.73/sec)
2026-04-20 23:51:20,376 | CRITICAL | RansomwareDetector | 💀 [EMERGENCY] 💀 CHIFFREMENT DE MASSE DÉTECTÉ — 104 fichiers modifiés en 60s (1.7 fichiers/sec) — Isolation recommandée
2026-04-20 23:51:20,390 | WARNING  | RansomwareDetector.Watcher | ⚠️  MASSE : 105 fichiers modifiés en 60s (1.75/sec)
2026-04-20 23:51:20,397 | CRITICAL | RansomwareDetector | 💀 [EMERGENCY] 💀 CHIFFREMENT DE MASSE DÉTECTÉ — 105 fichiers modifiés en 60s (1.8 fichiers/sec) — Isolation recommandée
2026-04-20 23:51:20,566 | CRITICAL | RansomwareDetector.Watcher | 🚨 CANARY TOUCHÉ [MODIFIED] : C:\Users\Nouar\Documents\client_database.csv
2026-04-20 23:51:21,144 | CRITICAL | RansomwareDetector | 💀 [EMERGENCY] 💀 CHIFFREMENT DE MASSE DÉTECTÉ — 95 fichiers modifiés en 60s (1.6 fichiers/sec) — Isolation recommandée
2026-04-20 23:51:21,324 | WARNING  | RansomwareDetector.Watcher | ⚠️  MASSE : 106 fichiers modifiés en 60s (1.77/sec)
2026-04-20 23:51:21,331 | CRITICAL | RansomwareDetector | 💀 [EMERGENCY] 💀 CHIFFREMENT DE MASSE DÉTECTÉ — 106 fichiers modifiés en 60s (1.8 fichiers/sec) — Isolation recommandée
2026-04-20 23:51:21,339 | WARNING  | RansomwareDetector.Watcher | ⚠️  MASSE : 107 fichiers modifiés en 60s (1.78/sec)
2026-04-20 23:51:20,660 | WARNING  | RansomwareDetector.Watcher | ⚠️  MASSE : 70 fichiers modifiés en 60s (1.17/sec)
2026-04-20 23:51:21,381 | CRITICAL | RansomwareDetector | 💀 [EMERGENCY] 💀 CHIFFREMENT DE MASSE DÉTECTÉ — 70 fichiers modifiés en 60s (1.2 fichiers/sec) — Isolation recommandée
2026-04-20 23:51:21,346 | CRITICAL | RansomwareDetector | 💀 [EMERGENCY] 💀 CHIFFREMENT DE MASSE DÉTECTÉ — 107 fichiers modifiés en 60s (1.8 fichiers/sec) — Isolation recommandée
2026-04-20 23:51:21,932 | CRITICAL | RansomwareDetector.Watcher | 🚨 CANARY TOUCHÉ [CREATED] : C:\Users\Nouar\Downloads\client_database.csv
2026-04-20 23:51:21,936 | WARNING  | RansomwareDetector.Watcher | ⚠️  MASSE : 71 fichiers modifiés en 60s (1.18/sec)
2026-04-20 23:51:21,942 | CRITICAL | RansomwareDetector | 💀 [EMERGENCY] 💀 CHIFFREMENT DE MASSE DÉTECTÉ — 71 fichiers modifiés en 60s (1.2 fichiers/sec) — Isolation recommandée
2026-04-20 23:51:22,029 | WARNING  | RansomwareDetector.Watcher | ⚠️  MASSE : 108 fichiers modifiés en 60s (1.80/sec)
2026-04-20 23:51:22,031 | CRITICAL | RansomwareDetector | 💀 [EMERGENCY] 💀 CHIFFREMENT DE MASSE DÉTECTÉ — 108 fichiers modifiés en 60s (1.8 fichiers/sec) — Isolation recommandée
2026-04-20 23:51:22,036 | WARNING  | RansomwareDetector.Watcher | ⚠️  MASSE : 109 fichiers modifiés en 60s (1.82/sec)
2026-04-20 23:51:22,039 | CRITICAL | RansomwareDetector | 💀 [EMERGENCY] 💀 CHIFFREMENT DE MASSE DÉTECTÉ — 109 fichiers modifiés en 60s (1.8 fichiers/sec) — Isolation recommandée
2026-04-20 23:51:22,247 | CRITICAL | RansomwareDetector.Watcher | 🚨 CANARY TOUCHÉ [MODIFIED] : C:\Users\Nouar\Downloads\client_database.csv
2026-04-20 23:51:22,250 | WARNING  | RansomwareDetector.Watcher | ⚠️  MASSE : 72 fichiers modifiés en 60s (1.20/sec)
2026-04-20 23:51:22,252 | CRITICAL | RansomwareDetector | 💀 [EMERGENCY] 💀 CHIFFREMENT DE MASSE DÉTECTÉ — 72 fichiers modifiés en 60s (1.2 fichiers/sec) — Isolation recommandée
2026-04-20 23:51:22,044 | WARNING  | RansomwareDetector.Watcher | ⚠️  MASSE : 110 fichiers modifiés en 60s (1.83/sec)
2026-04-20 23:51:22,294 | CRITICAL | RansomwareDetector | 💀 [EMERGENCY] 💀 CHIFFREMENT DE MASSE DÉTECTÉ — 110 fichiers modifiés en 60s (1.8 fichiers/sec) — Isolation recommandée
2026-04-20 23:51:22,299 | WARNING  | RansomwareDetector.Watcher | ⚠️  MASSE : 111 fichiers modifiés en 60s (1.85/sec)
2026-04-20 23:51:22,305 | CRITICAL | RansomwareDetector | 💀 [EMERGENCY] 💀 CHIFFREMENT DE MASSE DÉTECTÉ — 111 fichiers modifiés en 60s (1.9 fichiers/sec) — Isolation recommandée
2026-04-20 23:51:22,310 | WARNING  | RansomwareDetector.Watcher | ⚠️  MASSE : 112 fichiers modifiés en 60s (1.87/sec)
2026-04-20 23:51:22,312 | CRITICAL | RansomwareDetector | 💀 [EMERGENCY] 💀 CHIFFREMENT DE MASSE DÉTECTÉ — 112 fichiers modifiés en 60s (1.9 fichiers/sec) — Isolation recommandée
2026-04-20 23:51:22,597 | CRITICAL | RansomwareDetector.Watcher | 🚨 CANARY TOUCHÉ [MODIFIED] : C:\Users\Nouar\Documents\client_database.csv
2026-04-20 23:51:22,601 | WARNING  | RansomwareDetector.Watcher | ⚠️  MASSE : 73 fichiers modifiés en 60s (1.22/sec)
2026-04-20 23:51:22,701 | WARNING  | RansomwareDetector.Watcher | ⚠️  MASSE : 96 fichiers modifiés en 60s (1.60/sec)
2026-04-20 23:51:22,318 | WARNING  | RansomwareDetector.Watcher | ⚠️  MASSE : 113 fichiers modifiés en 60s (1.88/sec)
2026-04-20 23:51:22,730 | CRITICAL | RansomwareDetector | 💀 [EMERGENCY] 💀 CHIFFREMENT DE MASSE DÉTECTÉ — 96 fichiers modifiés en 60s (1.6 fichiers/sec) — Isolation recommandée
2026-04-20 23:51:23,118 | WARNING  | RansomwareDetector.Watcher | ⚠️  MASSE : 97 fichiers modifiés en 60s (1.62/sec)
2026-04-20 23:51:22,604 | CRITICAL | RansomwareDetector | 💀 [EMERGENCY] 💀 CHIFFREMENT DE MASSE DÉTECTÉ — 73 fichiers modifiés en 60s (1.2 fichiers/sec) — Isolation recommandée
2026-04-20 23:51:23,234 | CRITICAL | RansomwareDetector | 💀 [EMERGENCY] 💀 CHIFFREMENT DE MASSE DÉTECTÉ — 97 fichiers modifiés en 60s (1.6 fichiers/sec) — Isolation recommandée
2026-04-20 23:51:23,256 | CRITICAL | RansomwareDetector.Watcher | 🚨 CANARY TOUCHÉ [MODIFIED] : C:\Users\Nouar\Desktop\client_database.csv
2026-04-20 23:51:23,260 | WARNING  | RansomwareDetector.Watcher | ⚠️  MASSE : 74 fichiers modifiés en 60s (1.23/sec)
2026-04-20 23:51:23,434 | CRITICAL | RansomwareDetector | 💀 [EMERGENCY] 💀 CHIFFREMENT DE MASSE DÉTECTÉ — 74 fichiers modifiés en 60s (1.2 fichiers/sec) — Isolation recommandée
2026-04-20 23:51:23,476 | CRITICAL | RansomwareDetector.Watcher | 🚨 CANARY TOUCHÉ [MODIFIED] : C:\Users\Nouar\Documents\client_database.csv
2026-04-20 23:51:23,507 | WARNING  | RansomwareDetector.Watcher | ⚠️  MASSE : 75 fichiers modifiés en 60s (1.25/sec)
2026-04-20 23:51:23,580 | WARNING  | RansomwareDetector.Watcher | ⚠️  MASSE : 98 fichiers modifiés en 60s (1.63/sec)
2026-04-20 23:51:23,582 | CRITICAL | RansomwareDetector | 💀 [EMERGENCY] 💀 CHIFFREMENT DE MASSE DÉTECTÉ — 98 fichiers modifiés en 60s (1.6 fichiers/sec) — Isolation recommandée
2026-04-20 23:51:23,615 | WARNING  | RansomwareDetector.Watcher | ⚠️  MASSE : 99 fichiers modifiés en 60s (1.65/sec)
2026-04-20 23:51:23,901 | CRITICAL | RansomwareDetector | 💀 [EMERGENCY] 💀 CHIFFREMENT DE MASSE DÉTECTÉ — 113 fichiers modifiés en 60s (1.9 fichiers/sec) — Isolation recommandée
2026-04-20 23:51:23,790 | CRITICAL | RansomwareDetector | 💀 [EMERGENCY] 💀 CHIFFREMENT DE MASSE DÉTECTÉ — 99 fichiers modifiés en 60s (1.6 fichiers/sec) — Isolation recommandée
2026-04-20 23:51:24,283 | WARNING  | RansomwareDetector.Watcher | ⚠️  MASSE : 114 fichiers modifiés en 60s (1.90/sec)
2026-04-20 23:51:24,289 | CRITICAL | RansomwareDetector | 💀 [EMERGENCY] 💀 CHIFFREMENT DE MASSE DÉTECTÉ — 114 fichiers modifiés en 60s (1.9 fichiers/sec) — Isolation recommandée
2026-04-20 23:51:23,541 | CRITICAL | RansomwareDetector | 💀 [EMERGENCY] 💀 CHIFFREMENT DE MASSE DÉTECTÉ — 75 fichiers modifiés en 60s (1.2 fichiers/sec) — Isolation recommandée
2026-04-20 23:51:24,319 | WARNING  | RansomwareDetector.Watcher | ⚠️  MASSE : 115 fichiers modifiés en 60s (1.92/sec)
2026-04-20 23:51:24,343 | CRITICAL | RansomwareDetector.Watcher | 🚨 CANARY TOUCHÉ [CREATED] : C:\Users\Nouar\Documents\private_keys.pem
2026-04-20 23:51:24,396 | WARNING  | RansomwareDetector.Watcher | ⚠️  MASSE : 76 fichiers modifiés en 60s (1.27/sec)
2026-04-20 23:51:24,424 | CRITICAL | RansomwareDetector | 💀 [EMERGENCY] 💀 CHIFFREMENT DE MASSE DÉTECTÉ — 76 fichiers modifiés en 60s (1.3 fichiers/sec) — Isolation recommandée
2026-04-20 23:51:25,043 | CRITICAL | RansomwareDetector.Watcher | 🚨 CANARY TOUCHÉ [MODIFIED] : C:\Users\Nouar\Documents\private_keys.pem
2026-04-20 23:51:25,052 | WARNING  | RansomwareDetector.Watcher | ⚠️  MASSE : 77 fichiers modifiés en 60s (1.28/sec)
2026-04-20 23:51:25,436 | CRITICAL | RansomwareDetector | 💀 [EMERGENCY] 💀 CHIFFREMENT DE MASSE DÉTECTÉ — 77 fichiers modifiés en 60s (1.3 fichiers/sec) — Isolation recommandée
2026-04-20 23:51:24,489 | WARNING  | RansomwareDetector.Watcher | ⚠️  MASSE : 100 fichiers modifiés en 60s (1.67/sec)
2026-04-20 23:51:25,644 | CRITICAL | RansomwareDetector | 💀 [EMERGENCY] 💀 CHIFFREMENT DE MASSE DÉTECTÉ — 100 fichiers modifiés en 60s (1.7 fichiers/sec) — Isolation recommandée
2026-04-20 23:51:26,086 | CRITICAL | RansomwareDetector.Watcher | 🚨 CANARY TOUCHÉ [CREATED] : C:\Users\Public\passwords_backup.txt
2026-04-20 23:51:26,111 | WARNING  | RansomwareDetector.Watcher | ⚠️  MASSE : 78 fichiers modifiés en 60s (1.30/sec)
2026-04-20 23:51:26,167 | WARNING  | RansomwareDetector.Watcher | ⚠️  MASSE : 101 fichiers modifiés en 60s (1.68/sec)
2026-04-20 23:51:26,172 | CRITICAL | RansomwareDetector | 💀 [EMERGENCY] 💀 CHIFFREMENT DE MASSE DÉTECTÉ — 101 fichiers modifiés en 60s (1.7 fichiers/sec) — Isolation recommandée
2026-04-20 23:51:26,182 | WARNING  | RansomwareDetector.Watcher | ⚠️  MASSE : 102 fichiers modifiés en 60s (1.70/sec)
2026-04-20 23:51:26,189 | CRITICAL | RansomwareDetector | 💀 [EMERGENCY] 💀 CHIFFREMENT DE MASSE DÉTECTÉ — 102 fichiers modifiés en 60s (1.7 fichiers/sec) — Isolation recommandée
2026-04-20 23:51:26,202 | WARNING  | RansomwareDetector.Watcher | ⚠️  MASSE : 103 fichiers modifiés en 60s (1.72/sec)
2026-04-20 23:51:26,207 | CRITICAL | RansomwareDetector | 💀 [EMERGENCY] 💀 CHIFFREMENT DE MASSE DÉTECTÉ — 103 fichiers modifiés en 60s (1.7 fichiers/sec) — Isolation recommandée
2026-04-20 23:51:26,142 | CRITICAL | RansomwareDetector | 💀 [EMERGENCY] 💀 CHIFFREMENT DE MASSE DÉTECTÉ — 78 fichiers modifiés en 60s (1.3 fichiers/sec) — Isolation recommandée
2026-04-20 23:51:26,687 | CRITICAL | RansomwareDetector.Watcher | 🚨 CANARY TOUCHÉ [MODIFIED] : C:\Users\Nouar\Desktop\client_database.csv
2026-04-20 23:51:26,065 | CRITICAL | RansomwareDetector | 💀 [EMERGENCY] 💀 CHIFFREMENT DE MASSE DÉTECTÉ — 115 fichiers modifiés en 60s (1.9 fichiers/sec) — Isolation recommandée
2026-04-20 23:51:26,984 | WARNING  | RansomwareDetector.Watcher | ⚠️  MASSE : 116 fichiers modifiés en 60s (1.93/sec)
2026-04-20 23:51:26,988 | CRITICAL | RansomwareDetector | 💀 [EMERGENCY] 💀 CHIFFREMENT DE MASSE DÉTECTÉ — 116 fichiers modifiés en 60s (1.9 fichiers/sec) — Isolation recommandée
2026-04-20 23:51:26,694 | WARNING  | RansomwareDetector.Watcher | ⚠️  MASSE : 79 fichiers modifiés en 60s (1.32/sec)
2026-04-20 23:51:27,022 | CRITICAL | RansomwareDetector | 💀 [EMERGENCY] 💀 CHIFFREMENT DE MASSE DÉTECTÉ — 79 fichiers modifiés en 60s (1.3 fichiers/sec) — Isolation recommandée
2026-04-20 23:51:27,027 | CRITICAL | RansomwareDetector.Watcher | 🚨 CANARY TOUCHÉ [CREATED] : C:\Users\Nouar\Desktop\private_keys.pem
2026-04-20 23:51:27,032 | WARNING  | RansomwareDetector.Watcher | ⚠️  MASSE : 80 fichiers modifiés en 60s (1.33/sec)
2026-04-20 23:51:27,034 | CRITICAL | RansomwareDetector | 💀 [EMERGENCY] 💀 CHIFFREMENT DE MASSE DÉTECTÉ — 80 fichiers modifiés en 60s (1.3 fichiers/sec) — Isolation recommandée
2026-04-20 23:51:27,455 | WARNING  | RansomwareDetector.Watcher | ⚠️  MASSE : 117 fichiers modifiés en 60s (1.95/sec)
2026-04-20 23:51:27,524 | CRITICAL | RansomwareDetector.Watcher | 🚨 CANARY TOUCHÉ [MODIFIED] : C:\Users\Public\passwords_backup.txt
2026-04-20 23:51:27,527 | WARNING  | RansomwareDetector.Watcher | ⚠️  MASSE : 81 fichiers modifiés en 60s (1.35/sec)
2026-04-20 23:51:26,219 | WARNING  | RansomwareDetector.Watcher | ⚠️  MASSE : 104 fichiers modifiés en 60s (1.73/sec)
2026-04-20 23:51:27,667 | CRITICAL | RansomwareDetector | 💀 [EMERGENCY] 💀 CHIFFREMENT DE MASSE DÉTECTÉ — 104 fichiers modifiés en 60s (1.7 fichiers/sec) — Isolation recommandée
2026-04-20 23:51:27,676 | WARNING  | RansomwareDetector.Watcher | ⚠️  MASSE : 105 fichiers modifiés en 60s (1.75/sec)
2026-04-20 23:51:27,680 | CRITICAL | RansomwareDetector | 💀 [EMERGENCY] 💀 CHIFFREMENT DE MASSE DÉTECTÉ — 105 fichiers modifiés en 60s (1.8 fichiers/sec) — Isolation recommandée
2026-04-20 23:51:27,684 | WARNING  | RansomwareDetector.Watcher | ⚠️  MASSE : 106 fichiers modifiés en 60s (1.77/sec)
2026-04-20 23:51:27,687 | CRITICAL | RansomwareDetector | 💀 [EMERGENCY] 💀 CHIFFREMENT DE MASSE DÉTECTÉ — 106 fichiers modifiés en 60s (1.8 fichiers/sec) — Isolation recommandée
2026-04-20 23:51:27,694 | WARNING  | RansomwareDetector.Watcher | ⚠️  MASSE : 107 fichiers modifiés en 60s (1.78/sec)
2026-04-20 23:51:27,697 | CRITICAL | RansomwareDetector | 💀 [EMERGENCY] 💀 CHIFFREMENT DE MASSE DÉTECTÉ — 107 fichiers modifiés en 60s (1.8 fichiers/sec) — Isolation recommandée
2026-04-20 23:51:27,701 | WARNING  | RansomwareDetector.Watcher | ⚠️  MASSE : 108 fichiers modifiés en 60s (1.80/sec)
2026-04-20 23:51:27,705 | CRITICAL | RansomwareDetector | 💀 [EMERGENCY] 💀 CHIFFREMENT DE MASSE DÉTECTÉ — 108 fichiers modifiés en 60s (1.8 fichiers/sec) — Isolation recommandée
2026-04-20 23:51:27,709 | WARNING  | RansomwareDetector.Watcher | ⚠️  MASSE : 109 fichiers modifiés en 60s (1.82/sec)
2026-04-20 23:51:27,711 | CRITICAL | RansomwareDetector | 💀 [EMERGENCY] 💀 CHIFFREMENT DE MASSE DÉTECTÉ — 109 fichiers modifiés en 60s (1.8 fichiers/sec) — Isolation recommandée
2026-04-20 23:51:27,716 | WARNING  | RansomwareDetector.Watcher | ⚠️  MASSE : 110 fichiers modifiés en 60s (1.83/sec)
2026-04-20 23:51:27,719 | CRITICAL | RansomwareDetector | 💀 [EMERGENCY] 💀 CHIFFREMENT DE MASSE DÉTECTÉ — 110 fichiers modifiés en 60s (1.8 fichiers/sec) — Isolation recommandée
2026-04-20 23:51:27,724 | WARNING  | RansomwareDetector.Watcher | ⚠️  MASSE : 111 fichiers modifiés en 60s (1.85/sec)
2026-04-20 23:51:27,727 | CRITICAL | RansomwareDetector | 💀 [EMERGENCY] 💀 CHIFFREMENT DE MASSE DÉTECTÉ — 111 fichiers modifiés en 60s (1.9 fichiers/sec) — Isolation recommandée
2026-04-20 23:51:27,731 | WARNING  | RansomwareDetector.Watcher | ⚠️  MASSE : 112 fichiers modifiés en 60s (1.87/sec)
2026-04-20 23:51:27,765 | CRITICAL | RansomwareDetector | 💀 [EMERGENCY] 💀 CHIFFREMENT DE MASSE DÉTECTÉ — 117 fichiers modifiés en 60s (1.9 fichiers/sec) — Isolation recommandée
2026-04-20 23:51:27,967 | WARNING  | RansomwareDetector.Watcher | ⚠️  MASSE : 118 fichiers modifiés en 60s (1.97/sec)
2026-04-20 23:51:27,823 | CRITICAL | RansomwareDetector | 💀 [EMERGENCY] 💀 CHIFFREMENT DE MASSE DÉTECTÉ — 81 fichiers modifiés en 60s (1.4 fichiers/sec) — Isolation recommandée
2026-04-20 23:51:28,234 | CRITICAL | RansomwareDetector.Watcher | 🚨 CANARY TOUCHÉ [CREATED] : C:\Users\Public\financial_report_2024.xlsx
2026-04-20 23:51:28,237 | WARNING  | RansomwareDetector.Watcher | ⚠️  MASSE : 82 fichiers modifiés en 60s (1.37/sec)
2026-04-20 23:51:28,240 | CRITICAL | RansomwareDetector | 💀 [EMERGENCY] 💀 CHIFFREMENT DE MASSE DÉTECTÉ — 82 fichiers modifiés en 60s (1.4 fichiers/sec) — Isolation recommandée
2026-04-20 23:51:27,971 | CRITICAL | RansomwareDetector | 💀 [EMERGENCY] 💀 CHIFFREMENT DE MASSE DÉTECTÉ — 118 fichiers modifiés en 60s (2.0 fichiers/sec) — Isolation recommandée
2026-04-20 23:51:27,735 | CRITICAL | RansomwareDetector | 💀 [EMERGENCY] 💀 CHIFFREMENT DE MASSE DÉTECTÉ — 112 fichiers modifiés en 60s (1.9 fichiers/sec) — Isolation recommandée
2026-04-20 23:51:28,472 | CRITICAL | RansomwareDetector.Watcher | 🚨 CANARY TOUCHÉ [MODIFIED] : C:\Users\Nouar\Downloads\client_database.csv
2026-04-20 23:51:28,475 | WARNING  | RansomwareDetector.Watcher | ⚠️  MASSE : 83 fichiers modifiés en 60s (1.38/sec)
2026-04-20 23:51:28,479 | CRITICAL | RansomwareDetector | 💀 [EMERGENCY] 💀 CHIFFREMENT DE MASSE DÉTECTÉ — 83 fichiers modifiés en 60s (1.4 fichiers/sec) — Isolation recommandée
2026-04-20 23:51:28,547 | WARNING  | RansomwareDetector.Watcher | ⚠️  MASSE : 119 fichiers modifiés en 60s (1.98/sec)
2026-04-20 23:51:28,583 | CRITICAL | RansomwareDetector.Watcher | 🚨 CANARY TOUCHÉ [MODIFIED] : C:\Users\Public\financial_report_2024.xlsx
2026-04-20 23:51:28,562 | CRITICAL | RansomwareDetector | 💀 [EMERGENCY] 💀 CHIFFREMENT DE MASSE DÉTECTÉ — 119 fichiers modifiés en 60s (2.0 fichiers/sec) — Isolation recommandée
2026-04-20 23:51:28,724 | WARNING  | RansomwareDetector.Watcher | ⚠️  MASSE : 113 fichiers modifiés en 60s (1.88/sec)
2026-04-20 23:51:28,729 | CRITICAL | RansomwareDetector | 💀 [EMERGENCY] 💀 CHIFFREMENT DE MASSE DÉTECTÉ — 113 fichiers modifiés en 60s (1.9 fichiers/sec) — Isolation recommandée
2026-04-20 23:51:28,588 | WARNING  | RansomwareDetector.Watcher | ⚠️  MASSE : 84 fichiers modifiés en 60s (1.40/sec)
2026-04-20 23:51:29,140 | CRITICAL | RansomwareDetector | 💀 [EMERGENCY] 💀 CHIFFREMENT DE MASSE DÉTECTÉ — 84 fichiers modifiés en 60s (1.4 fichiers/sec) — Isolation recommandée
2026-04-20 23:51:29,764 | CRITICAL | RansomwareDetector.Watcher | 🚨 CANARY TOUCHÉ [CREATED] : C:\Users\Nouar\Downloads\private_keys.pem
2026-04-20 23:51:29,771 | WARNING  | RansomwareDetector.Watcher | ⚠️  MASSE : 85 fichiers modifiés en 60s (1.42/sec)
2026-04-20 23:51:29,777 | CRITICAL | RansomwareDetector | 💀 [EMERGENCY] 💀 CHIFFREMENT DE MASSE DÉTECTÉ — 85 fichiers modifiés en 60s (1.4 fichiers/sec) — Isolation recommandée
2026-04-20 23:51:30,298 | WARNING  | RansomwareDetector.Watcher | ⚠️  MASSE : 114 fichiers modifiés en 60s (1.90/sec)
2026-04-20 23:51:30,316 | CRITICAL | RansomwareDetector | 💀 [EMERGENCY] 💀 CHIFFREMENT DE MASSE DÉTECTÉ — 114 fichiers modifiés en 60s (1.9 fichiers/sec) — Isolation recommandée
2026-04-20 23:51:31,434 | CRITICAL | RansomwareDetector.Watcher | 🚨 CANARY TOUCHÉ [MODIFIED] : C:\Users\Public\financial_report_2024.xlsx
2026-04-20 23:51:31,589 | WARNING  | RansomwareDetector.Watcher | ⚠️  MASSE : 80 fichiers modifiés en 60s (1.33/sec)
2026-04-20 23:51:31,596 | CRITICAL | RansomwareDetector | 💀 [EMERGENCY] 💀 CHIFFREMENT DE MASSE DÉTECTÉ — 80 fichiers modifiés en 60s (1.3 fichiers/sec) — Isolation recommandée
2026-04-20 23:51:31,609 | WARNING  | RansomwareDetector.Watcher | ⚠️  MASSE : 81 fichiers modifiés en 60s (1.35/sec)
2026-04-20 23:51:31,617 | CRITICAL | RansomwareDetector | 💀 [EMERGENCY] 💀 CHIFFREMENT DE MASSE DÉTECTÉ — 81 fichiers modifiés en 60s (1.4 fichiers/sec) — Isolation recommandée
2026-04-20 23:51:31,631 | WARNING  | RansomwareDetector.Watcher | ⚠️  MASSE : 82 fichiers modifiés en 60s (1.37/sec)
2026-04-20 23:51:31,640 | CRITICAL | RansomwareDetector | 💀 [EMERGENCY] 💀 CHIFFREMENT DE MASSE DÉTECTÉ — 82 fichiers modifiés en 60s (1.4 fichiers/sec) — Isolation recommandée
2026-04-20 23:51:31,651 | WARNING  | RansomwareDetector.Watcher | ⚠️  MASSE : 83 fichiers modifiés en 60s (1.38/sec)
2026-04-20 23:51:31,660 | CRITICAL | RansomwareDetector | 💀 [EMERGENCY] 💀 CHIFFREMENT DE MASSE DÉTECTÉ — 83 fichiers modifiés en 60s (1.4 fichiers/sec) — Isolation recommandée
2026-04-20 23:51:31,672 | WARNING  | RansomwareDetector.Watcher | ⚠️  MASSE : 84 fichiers modifiés en 60s (1.40/sec)
2026-04-20 23:51:31,680 | CRITICAL | RansomwareDetector | 💀 [EMERGENCY] 💀 CHIFFREMENT DE MASSE DÉTECTÉ — 84 fichiers modifiés en 60s (1.4 fichiers/sec) — Isolation recommandée
2026-04-20 23:51:31,461 | WARNING  | RansomwareDetector.Watcher | ⚠️  MASSE : 57 fichiers modifiés en 60s (0.95/sec)
2026-04-20 23:51:32,113 | CRITICAL | RansomwareDetector | 💀 [EMERGENCY] 💀 CHIFFREMENT DE MASSE DÉTECTÉ — 57 fichiers modifiés en 60s (0.9 fichiers/sec) — Isolation recommandée
2026-04-20 23:51:32,116 | CRITICAL | RansomwareDetector.Watcher | 🚨 CANARY TOUCHÉ [MODIFIED] : C:\Users\Nouar\Downloads\private_keys.pem
2026-04-20 23:51:32,149 | WARNING  | RansomwareDetector.Watcher | ⚠️  MASSE : 85 fichiers modifiés en 60s (1.42/sec)
2026-04-20 23:51:32,401 | CRITICAL | RansomwareDetector | 💀 [EMERGENCY] 💀 CHIFFREMENT DE MASSE DÉTECTÉ — 85 fichiers modifiés en 60s (1.4 fichiers/sec) — Isolation recommandée
2026-04-20 23:51:32,120 | CRITICAL | RansomwareDetector.Watcher | 🚨 CANARY TOUCHÉ [MODIFIED] : C:\Users\Nouar\Documents\private_keys.pem
2026-04-20 23:51:32,407 | CRITICAL | RansomwareDetector.Watcher | 🚨 CANARY TOUCHÉ [MODIFIED] : C:\Users\Nouar\Desktop\private_keys.pem
2026-04-20 23:51:32,407 | WARNING  | RansomwareDetector.Watcher | ⚠️  MASSE : 86 fichiers modifiés en 60s (1.43/sec)
2026-04-20 23:51:32,411 | CRITICAL | RansomwareDetector | 💀 [EMERGENCY] 💀 CHIFFREMENT DE MASSE DÉTECTÉ — 86 fichiers modifiés en 60s (1.4 fichiers/sec) — Isolation recommandée
2026-04-20 23:51:32,417 | WARNING  | RansomwareDetector.Watcher | ⚠️  MASSE : 87 fichiers modifiés en 60s (1.45/sec)
2026-04-20 23:51:32,434 | CRITICAL | RansomwareDetector | 💀 [EMERGENCY] 💀 CHIFFREMENT DE MASSE DÉTECTÉ — 87 fichiers modifiés en 60s (1.4 fichiers/sec) — Isolation recommandée
2026-04-20 23:51:31,907 | WARNING  | RansomwareDetector.Watcher | ⚠️  MASSE : 75 fichiers modifiés en 60s (1.25/sec)
2026-04-20 23:51:32,588 | CRITICAL | RansomwareDetector | 💀 [EMERGENCY] 💀 CHIFFREMENT DE MASSE DÉTECTÉ — 75 fichiers modifiés en 60s (1.2 fichiers/sec) — Isolation recommandée
2026-04-20 23:51:32,593 | WARNING  | RansomwareDetector.Watcher | ⚠️  MASSE : 76 fichiers modifiés en 60s (1.27/sec)
2026-04-20 23:51:32,596 | CRITICAL | RansomwareDetector | 💀 [EMERGENCY] 💀 CHIFFREMENT DE MASSE DÉTECTÉ — 76 fichiers modifiés en 60s (1.3 fichiers/sec) — Isolation recommandée
2026-04-20 23:51:32,601 | WARNING  | RansomwareDetector.Watcher | ⚠️  MASSE : 77 fichiers modifiés en 60s (1.28/sec)
2026-04-20 23:51:32,605 | CRITICAL | RansomwareDetector | 💀 [EMERGENCY] 💀 CHIFFREMENT DE MASSE DÉTECTÉ — 77 fichiers modifiés en 60s (1.3 fichiers/sec) — Isolation recommandée
2026-04-20 23:51:32,609 | CRITICAL | RansomwareDetector.Watcher | 🚨 CANARY TOUCHÉ [MODIFIED] : C:\Users\Nouar\Downloads\private_keys.pem
2026-04-20 23:51:32,609 | WARNING  | RansomwareDetector.Watcher | ⚠️  MASSE : 78 fichiers modifiés en 60s (1.30/sec)
2026-04-20 23:51:32,614 | WARNING  | RansomwareDetector.Watcher | ⚠️  MASSE : 50 fichiers modifiés en 60s (0.83/sec)
2026-04-20 23:51:32,616 | CRITICAL | RansomwareDetector | 💀 [EMERGENCY] 💀 CHIFFREMENT DE MASSE DÉTECTÉ — 50 fichiers modifiés en 60s (0.8 fichiers/sec) — Isolation recommandée
2026-04-20 23:51:32,621 | CRITICAL | RansomwareDetector.Watcher | 🚨 CANARY TOUCHÉ [CREATED] : C:\Users\Nouar\Documents\company_contracts_2024.docx
2026-04-20 23:51:32,623 | WARNING  | RansomwareDetector.Watcher | ⚠️  MASSE : 51 fichiers modifiés en 60s (0.85/sec)
2026-04-20 23:51:32,626 | CRITICAL | RansomwareDetector | 💀 [EMERGENCY] 💀 CHIFFREMENT DE MASSE DÉTECTÉ — 51 fichiers modifiés en 60s (0.8 fichiers/sec) — Isolation recommandée
2026-04-20 23:51:32,614 | CRITICAL | RansomwareDetector | 💀 [EMERGENCY] 💀 CHIFFREMENT DE MASSE DÉTECTÉ — 78 fichiers modifiés en 60s (1.3 fichiers/sec) — Isolation recommandée
2026-04-20 23:51:32,829 | WARNING  | RansomwareDetector.Watcher | ⚠️  MASSE : 88 fichiers modifiés en 60s (1.47/sec)
2026-04-20 23:51:32,985 | WARNING  | RansomwareDetector.Watcher | ⚠️  MASSE : 79 fichiers modifiés en 60s (1.32/sec)
2026-04-20 23:51:32,989 | CRITICAL | RansomwareDetector | 💀 [EMERGENCY] 💀 CHIFFREMENT DE MASSE DÉTECTÉ — 79 fichiers modifiés en 60s (1.3 fichiers/sec) — Isolation recommandée
2026-04-20 23:51:32,832 | CRITICAL | RansomwareDetector | 💀 [EMERGENCY] 💀 CHIFFREMENT DE MASSE DÉTECTÉ — 88 fichiers modifiés en 60s (1.5 fichiers/sec) — Isolation recommandée
2026-04-20 23:51:32,826 | CRITICAL | RansomwareDetector.Watcher | 🚨 CANARY TOUCHÉ [CREATED] : C:\Users\Nouar\Downloads\company_contracts_2024.docx
2026-04-20 23:51:33,082 | WARNING  | RansomwareDetector.Watcher | ⚠️  MASSE : 52 fichiers modifiés en 60s (0.87/sec)
2026-04-20 23:51:33,182 | WARNING  | RansomwareDetector.Watcher | ⚠️  MASSE : 80 fichiers modifiés en 60s (1.33/sec)
2026-04-20 23:51:33,096 | CRITICAL | RansomwareDetector | 💀 [EMERGENCY] 💀 CHIFFREMENT DE MASSE DÉTECTÉ — 52 fichiers modifiés en 60s (0.9 fichiers/sec) — Isolation recommandée
2026-04-20 23:51:33,582 | WARNING  | RansomwareDetector.Watcher | ⚠️  MASSE : 89 fichiers modifiés en 60s (1.48/sec)
2026-04-20 23:51:33,586 | CRITICAL | RansomwareDetector | 💀 [EMERGENCY] 💀 CHIFFREMENT DE MASSE DÉTECTÉ — 89 fichiers modifiés en 60s (1.5 fichiers/sec) — Isolation recommandée
2026-04-20 23:51:33,590 | WARNING  | RansomwareDetector.Watcher | ⚠️  MASSE : 90 fichiers modifiés en 60s (1.50/sec)
2026-04-20 23:51:33,593 | CRITICAL | RansomwareDetector | 💀 [EMERGENCY] 💀 CHIFFREMENT DE MASSE DÉTECTÉ — 90 fichiers modifiés en 60s (1.5 fichiers/sec) — Isolation recommandée
2026-04-20 23:51:33,596 | WARNING  | RansomwareDetector.Watcher | ⚠️  MASSE : 91 fichiers modifiés en 60s (1.52/sec)
2026-04-20 23:51:33,599 | CRITICAL | RansomwareDetector | 💀 [EMERGENCY] 💀 CHIFFREMENT DE MASSE DÉTECTÉ — 91 fichiers modifiés en 60s (1.5 fichiers/sec) — Isolation recommandée
2026-04-20 23:51:33,726 | WARNING  | RansomwareDetector.Watcher | ⚠️  MASSE : 92 fichiers modifiés en 60s (1.53/sec)
2026-04-20 23:51:33,773 | CRITICAL | RansomwareDetector.Watcher | 🚨 CANARY TOUCHÉ [MODIFIED] : C:\Users\Nouar\Desktop\private_keys.pem
2026-04-20 23:51:34,100 | CRITICAL | RansomwareDetector | 💀 [EMERGENCY] 💀 CHIFFREMENT DE MASSE DÉTECTÉ — 80 fichiers modifiés en 60s (1.3 fichiers/sec) — Isolation recommandée
2026-04-20 23:51:34,145 | CRITICAL | RansomwareDetector | 💀 [EMERGENCY] 💀 CHIFFREMENT DE MASSE DÉTECTÉ — 92 fichiers modifiés en 60s (1.5 fichiers/sec) — Isolation recommandée
2026-04-20 23:51:33,776 | WARNING  | RansomwareDetector.Watcher | ⚠️  MASSE : 53 fichiers modifiés en 60s (0.88/sec)
2026-04-20 23:51:34,185 | WARNING  | RansomwareDetector.Watcher | ⚠️  MASSE : 93 fichiers modifiés en 60s (1.55/sec)
2026-04-20 23:51:35,581 | CRITICAL | RansomwareDetector | 💀 [EMERGENCY] 💀 CHIFFREMENT DE MASSE DÉTECTÉ — 93 fichiers modifiés en 60s (1.6 fichiers/sec) — Isolation recommandée
2026-04-20 23:51:35,589 | WARNING  | RansomwareDetector.Watcher | ⚠️  MASSE : 94 fichiers modifiés en 60s (1.57/sec)
2026-04-20 23:51:35,596 | CRITICAL | RansomwareDetector | 💀 [EMERGENCY] 💀 CHIFFREMENT DE MASSE DÉTECTÉ — 94 fichiers modifiés en 60s (1.6 fichiers/sec) — Isolation recommandée
2026-04-20 23:51:35,684 | WARNING  | RansomwareDetector.Watcher | ⚠️  MASSE : 81 fichiers modifiés en 60s (1.35/sec)
2026-04-20 23:51:35,691 | CRITICAL | RansomwareDetector | 💀 [EMERGENCY] 💀 CHIFFREMENT DE MASSE DÉTECTÉ — 81 fichiers modifiés en 60s (1.4 fichiers/sec) — Isolation recommandée
2026-04-20 23:51:35,703 | WARNING  | RansomwareDetector.Watcher | ⚠️  MASSE : 82 fichiers modifiés en 60s (1.37/sec)
2026-04-20 23:51:35,711 | CRITICAL | RansomwareDetector | 💀 [EMERGENCY] 💀 CHIFFREMENT DE MASSE DÉTECTÉ — 82 fichiers modifiés en 60s (1.4 fichiers/sec) — Isolation recommandée
2026-04-20 23:51:35,717 | WARNING  | RansomwareDetector.Watcher | ⚠️  MASSE : 83 fichiers modifiés en 60s (1.38/sec)
2026-04-20 23:51:35,723 | CRITICAL | RansomwareDetector | 💀 [EMERGENCY] 💀 CHIFFREMENT DE MASSE DÉTECTÉ — 83 fichiers modifiés en 60s (1.4 fichiers/sec) — Isolation recommandée
2026-04-20 23:51:35,733 | WARNING  | RansomwareDetector.Watcher | ⚠️  MASSE : 84 fichiers modifiés en 60s (1.40/sec)
2026-04-20 23:51:35,740 | CRITICAL | RansomwareDetector | 💀 [EMERGENCY] 💀 CHIFFREMENT DE MASSE DÉTECTÉ — 84 fichiers modifiés en 60s (1.4 fichiers/sec) — Isolation recommandée
2026-04-20 23:51:35,750 | WARNING  | RansomwareDetector.Watcher | ⚠️  MASSE : 85 fichiers modifiés en 60s (1.42/sec)
2026-04-20 23:51:35,756 | CRITICAL | RansomwareDetector | 💀 [EMERGENCY] 💀 CHIFFREMENT DE MASSE DÉTECTÉ — 85 fichiers modifiés en 60s (1.4 fichiers/sec) — Isolation recommandée
2026-04-20 23:51:35,963 | WARNING  | RansomwareDetector.Watcher | ⚠️  MASSE : 95 fichiers modifiés en 60s (1.58/sec)
2026-04-20 23:51:35,970 | CRITICAL | RansomwareDetector | 💀 [EMERGENCY] 💀 CHIFFREMENT DE MASSE DÉTECTÉ — 95 fichiers modifiés en 60s (1.6 fichiers/sec) — Isolation recommandée
2026-04-20 23:51:36,451 | CRITICAL | RansomwareDetector | 💀 [EMERGENCY] 💀 CHIFFREMENT DE MASSE DÉTECTÉ — 53 fichiers modifiés en 60s (0.9 fichiers/sec) — Isolation recommandée
2026-04-20 23:51:36,308 | WARNING  | RansomwareDetector.Watcher | ⚠️  MASSE : 96 fichiers modifiés en 60s (1.60/sec)
2026-04-20 23:51:36,962 | CRITICAL | RansomwareDetector | 💀 [EMERGENCY] 💀 CHIFFREMENT DE MASSE DÉTECTÉ — 96 fichiers modifiés en 60s (1.6 fichiers/sec) — Isolation recommandée
2026-04-20 23:51:36,575 | CRITICAL | RansomwareDetector.Watcher | 🚨 CANARY TOUCHÉ [MODIFIED] : C:\Users\Nouar\Documents\company_contracts_2024.docx
2026-04-20 23:51:36,989 | WARNING  | RansomwareDetector.Watcher | ⚠️  MASSE : 54 fichiers modifiés en 60s (0.90/sec)
2026-04-20 23:51:36,992 | CRITICAL | RansomwareDetector | 💀 [EMERGENCY] 💀 CHIFFREMENT DE MASSE DÉTECTÉ — 54 fichiers modifiés en 60s (0.9 fichiers/sec) — Isolation recommandée
2026-04-20 23:51:36,495 | WARNING  | RansomwareDetector.Watcher | ⚠️  MASSE : 86 fichiers modifiés en 60s (1.43/sec)
2026-04-20 23:51:37,086 | CRITICAL | RansomwareDetector | 💀 [EMERGENCY] 💀 CHIFFREMENT DE MASSE DÉTECTÉ — 86 fichiers modifiés en 60s (1.4 fichiers/sec) — Isolation recommandée
2026-04-20 23:51:37,101 | WARNING  | RansomwareDetector.Watcher | ⚠️  MASSE : 87 fichiers modifiés en 60s (1.45/sec)
2026-04-20 23:51:37,231 | WARNING  | RansomwareDetector.Watcher | ⚠️  MASSE : 97 fichiers modifiés en 60s (1.62/sec)
2026-04-20 23:51:37,235 | CRITICAL | RansomwareDetector | 💀 [EMERGENCY] 💀 CHIFFREMENT DE MASSE DÉTECTÉ — 97 fichiers modifiés en 60s (1.6 fichiers/sec) — Isolation recommandée
2026-04-20 23:51:37,106 | CRITICAL | RansomwareDetector | 💀 [EMERGENCY] 💀 CHIFFREMENT DE MASSE DÉTECTÉ — 87 fichiers modifiés en 60s (1.4 fichiers/sec) — Isolation recommandée
2026-04-20 23:51:36,998 | CRITICAL | RansomwareDetector.Watcher | 🚨 CANARY TOUCHÉ [CREATED] : C:\Users\Public\client_database.csv
2026-04-20 23:51:37,417 | WARNING  | RansomwareDetector.Watcher | ⚠️  MASSE : 55 fichiers modifiés en 60s (0.92/sec)
2026-04-20 23:51:37,421 | CRITICAL | RansomwareDetector | 💀 [EMERGENCY] 💀 CHIFFREMENT DE MASSE DÉTECTÉ — 55 fichiers modifiés en 60s (0.9 fichiers/sec) — Isolation recommandée
2026-04-20 23:51:37,425 | CRITICAL | RansomwareDetector.Watcher | 🚨 CANARY TOUCHÉ [MODIFIED] : C:\Users\Nouar\Documents\company_contracts_2024.docx
2026-04-20 23:51:37,429 | WARNING  | RansomwareDetector.Watcher | ⚠️  MASSE : 56 fichiers modifiés en 60s (0.93/sec)
2026-04-20 23:51:37,431 | CRITICAL | RansomwareDetector | 💀 [EMERGENCY] 💀 CHIFFREMENT DE MASSE DÉTECTÉ — 56 fichiers modifiés en 60s (0.9 fichiers/sec) — Isolation recommandée
2026-04-20 23:51:37,436 | CRITICAL | RansomwareDetector.Watcher | 🚨 CANARY TOUCHÉ [MODIFIED] : C:\Users\Public\client_database.csv
2026-04-20 23:51:37,439 | WARNING  | RansomwareDetector.Watcher | ⚠️  MASSE : 57 fichiers modifiés en 60s (0.95/sec)
2026-04-20 23:51:37,458 | CRITICAL | RansomwareDetector | 💀 [EMERGENCY] 💀 CHIFFREMENT DE MASSE DÉTECTÉ — 57 fichiers modifiés en 60s (0.9 fichiers/sec) — Isolation recommandée
2026-04-20 23:51:37,751 | CRITICAL | RansomwareDetector.Watcher | 🚨 CANARY TOUCHÉ [MODIFIED] : C:\Users\Nouar\Desktop\private_keys.pem
2026-04-20 23:51:37,920 | WARNING  | RansomwareDetector.Watcher | ⚠️  MASSE : 98 fichiers modifiés en 60s (1.63/sec)
2026-04-20 23:51:37,924 | CRITICAL | RansomwareDetector | 💀 [EMERGENCY] 💀 CHIFFREMENT DE MASSE DÉTECTÉ — 98 fichiers modifiés en 60s (1.6 fichiers/sec) — Isolation recommandée
2026-04-20 23:51:37,929 | WARNING  | RansomwareDetector.Watcher | ⚠️  MASSE : 99 fichiers modifiés en 60s (1.65/sec)
2026-04-20 23:51:37,754 | WARNING  | RansomwareDetector.Watcher | ⚠️  MASSE : 58 fichiers modifiés en 60s (0.97/sec)
2026-04-20 23:51:37,932 | CRITICAL | RansomwareDetector | 💀 [EMERGENCY] 💀 CHIFFREMENT DE MASSE DÉTECTÉ — 99 fichiers modifiés en 60s (1.6 fichiers/sec) — Isolation recommandée
2026-04-20 23:51:37,947 | WARNING  | RansomwareDetector.Watcher | ⚠️  MASSE : 88 fichiers modifiés en 60s (1.47/sec)
2026-04-20 23:51:37,951 | CRITICAL | RansomwareDetector | 💀 [EMERGENCY] 💀 CHIFFREMENT DE MASSE DÉTECTÉ — 88 fichiers modifiés en 60s (1.5 fichiers/sec) — Isolation recommandée
2026-04-20 23:51:37,955 | WARNING  | RansomwareDetector.Watcher | ⚠️  MASSE : 89 fichiers modifiés en 60s (1.48/sec)
2026-04-20 23:51:37,958 | CRITICAL | RansomwareDetector | 💀 [EMERGENCY] 💀 CHIFFREMENT DE MASSE DÉTECTÉ — 89 fichiers modifiés en 60s (1.5 fichiers/sec) — Isolation recommandée
2026-04-20 23:51:37,932 | CRITICAL | RansomwareDetector | 💀 [EMERGENCY] 💀 CHIFFREMENT DE MASSE DÉTECTÉ — 58 fichiers modifiés en 60s (1.0 fichiers/sec) — Isolation recommandée
2026-04-20 23:51:38,334 | WARNING  | RansomwareDetector.Watcher | ⚠️  MASSE : 100 fichiers modifiés en 60s (1.67/sec)
2026-04-20 23:51:38,338 | CRITICAL | RansomwareDetector | 💀 [EMERGENCY] 💀 CHIFFREMENT DE MASSE DÉTECTÉ — 100 fichiers modifiés en 60s (1.7 fichiers/sec) — Isolation recommandée
2026-04-20 23:51:38,529 | WARNING  | RansomwareDetector.Watcher | ⚠️  MASSE : 90 fichiers modifiés en 60s (1.50/sec)
2026-04-20 23:51:38,239 | CRITICAL | RansomwareDetector.Watcher | 🚨 CANARY TOUCHÉ [MODIFIED] : C:\Users\Nouar\Downloads\company_contracts_2024.docx
2026-04-20 23:51:38,587 | WARNING  | RansomwareDetector.Watcher | ⚠️  MASSE : 59 fichiers modifiés en 60s (0.98/sec)
2026-04-20 23:51:38,632 | CRITICAL | RansomwareDetector | 💀 [EMERGENCY] 💀 CHIFFREMENT DE MASSE DÉTECTÉ — 59 fichiers modifiés en 60s (1.0 fichiers/sec) — Isolation recommandée
2026-04-20 23:51:38,688 | CRITICAL | RansomwareDetector.Watcher | 🚨 CANARY TOUCHÉ [MODIFIED] : C:\Users\Public\client_database.csv
2026-04-20 23:51:38,551 | WARNING  | RansomwareDetector.Watcher | ⚠️  MASSE : 101 fichiers modifiés en 60s (1.68/sec)
2026-04-20 23:51:38,859 | CRITICAL | RansomwareDetector | 💀 [EMERGENCY] 💀 CHIFFREMENT DE MASSE DÉTECTÉ — 90 fichiers modifiés en 60s (1.5 fichiers/sec) — Isolation recommandée
2026-04-20 23:51:38,694 | WARNING  | RansomwareDetector.Watcher | ⚠️  MASSE : 60 fichiers modifiés en 60s (1.00/sec)
2026-04-20 23:51:38,887 | CRITICAL | RansomwareDetector | 💀 [EMERGENCY] 💀 CHIFFREMENT DE MASSE DÉTECTÉ — 60 fichiers modifiés en 60s (1.0 fichiers/sec) — Isolation recommandée
2026-04-20 23:51:39,106 | WARNING  | RansomwareDetector.Watcher | ⚠️  MASSE : 91 fichiers modifiés en 60s (1.52/sec)
2026-04-20 23:51:39,113 | CRITICAL | RansomwareDetector | 💀 [EMERGENCY] 💀 CHIFFREMENT DE MASSE DÉTECTÉ — 91 fichiers modifiés en 60s (1.5 fichiers/sec) — Isolation recommandée
2026-04-20 23:51:38,896 | CRITICAL | RansomwareDetector.Watcher | 🚨 CANARY TOUCHÉ [MODIFIED] : C:\Users\Nouar\Downloads\company_contracts_2024.docx
2026-04-20 23:51:39,485 | WARNING  | RansomwareDetector.Watcher | ⚠️  MASSE : 61 fichiers modifiés en 60s (1.02/sec)
2026-04-20 23:51:39,549 | CRITICAL | RansomwareDetector | 💀 [EMERGENCY] 💀 CHIFFREMENT DE MASSE DÉTECTÉ — 101 fichiers modifiés en 60s (1.7 fichiers/sec) — Isolation recommandée
2026-04-20 23:51:40,251 | CRITICAL | RansomwareDetector | 💀 [EMERGENCY] 💀 CHIFFREMENT DE MASSE DÉTECTÉ — 61 fichiers modifiés en 60s (1.0 fichiers/sec) — Isolation recommandée
2026-04-20 23:51:39,724 | WARNING  | RansomwareDetector.Watcher | ⚠️  MASSE : 92 fichiers modifiés en 60s (1.53/sec)
2026-04-20 23:51:40,320 | CRITICAL | RansomwareDetector | 💀 [EMERGENCY] 💀 CHIFFREMENT DE MASSE DÉTECTÉ — 92 fichiers modifiés en 60s (1.5 fichiers/sec) — Isolation recommandée
2026-04-20 23:51:40,708 | WARNING  | RansomwareDetector.Watcher | ⚠️  MASSE : 93 fichiers modifiés en 60s (1.55/sec)
2026-04-20 23:51:40,263 | CRITICAL | RansomwareDetector.Watcher | 🚨 CANARY TOUCHÉ [CREATED] : C:\Users\Nouar\Downloads\hr_employee_list.csv
2026-04-20 23:51:40,797 | WARNING  | RansomwareDetector.Watcher | ⚠️  MASSE : 62 fichiers modifiés en 60s (1.03/sec)
2026-04-20 23:51:40,805 | CRITICAL | RansomwareDetector | 💀 [EMERGENCY] 💀 CHIFFREMENT DE MASSE DÉTECTÉ — 62 fichiers modifiés en 60s (1.0 fichiers/sec) — Isolation recommandée
2026-04-20 23:51:40,815 | CRITICAL | RansomwareDetector.Watcher | 🚨 CANARY TOUCHÉ [CREATED] : C:\Users\Public\private_keys.pem
2026-04-20 23:51:41,175 | WARNING  | RansomwareDetector.Watcher | ⚠️  MASSE : 102 fichiers modifiés en 60s (1.70/sec)
2026-04-20 23:51:40,715 | CRITICAL | RansomwareDetector | 💀 [EMERGENCY] 💀 CHIFFREMENT DE MASSE DÉTECTÉ — 93 fichiers modifiés en 60s (1.6 fichiers/sec) — Isolation recommandée
2026-04-20 23:51:40,834 | WARNING  | RansomwareDetector.Watcher | ⚠️  MASSE : 63 fichiers modifiés en 60s (1.05/sec)
2026-04-20 23:51:42,090 | WARNING  | RansomwareDetector.Watcher | ⚠️  MASSE : 94 fichiers modifiés en 60s (1.57/sec)
2026-04-20 23:51:42,096 | CRITICAL | RansomwareDetector | 💀 [EMERGENCY] 💀 CHIFFREMENT DE MASSE DÉTECTÉ — 63 fichiers modifiés en 60s (1.1 fichiers/sec) — Isolation recommandée
2026-04-20 23:51:42,361 | CRITICAL | RansomwareDetector.Watcher | 🚨 CANARY TOUCHÉ [CREATED] : C:\Users\Nouar\Desktop\company_contracts_2024.docx
2026-04-20 23:51:42,094 | CRITICAL | RansomwareDetector | 💀 [EMERGENCY] 💀 CHIFFREMENT DE MASSE DÉTECTÉ — 94 fichiers modifiés en 60s (1.6 fichiers/sec) — Isolation recommandée
2026-04-20 23:51:42,371 | WARNING  | RansomwareDetector.Watcher | ⚠️  MASSE : 64 fichiers modifiés en 60s (1.07/sec)
2026-04-20 23:51:42,601 | WARNING  | RansomwareDetector.Watcher | ⚠️  MASSE : 95 fichiers modifiés en 60s (1.58/sec)
2026-04-20 23:51:42,604 | CRITICAL | RansomwareDetector | 💀 [EMERGENCY] 💀 CHIFFREMENT DE MASSE DÉTECTÉ — 64 fichiers modifiés en 60s (1.1 fichiers/sec) — Isolation recommandée
2026-04-20 23:51:42,605 | CRITICAL | RansomwareDetector | 💀 [EMERGENCY] 💀 CHIFFREMENT DE MASSE DÉTECTÉ — 95 fichiers modifiés en 60s (1.6 fichiers/sec) — Isolation recommandée
2026-04-20 23:51:42,611 | WARNING  | RansomwareDetector.Watcher | ⚠️  MASSE : 96 fichiers modifiés en 60s (1.60/sec)
2026-04-20 23:51:42,614 | CRITICAL | RansomwareDetector | 💀 [EMERGENCY] 💀 CHIFFREMENT DE MASSE DÉTECTÉ — 96 fichiers modifiés en 60s (1.6 fichiers/sec) — Isolation recommandée
2026-04-20 23:51:42,618 | WARNING  | RansomwareDetector.Watcher | ⚠️  MASSE : 97 fichiers modifiés en 60s (1.62/sec)
2026-04-20 23:51:42,622 | CRITICAL | RansomwareDetector | 💀 [EMERGENCY] 💀 CHIFFREMENT DE MASSE DÉTECTÉ — 97 fichiers modifiés en 60s (1.6 fichiers/sec) — Isolation recommandée
2026-04-20 23:51:42,865 | CRITICAL | RansomwareDetector.Watcher | 🚨 CANARY TOUCHÉ [CREATED] : C:\Users\Nouar\Documents\hr_employee_list.csv
2026-04-20 23:51:42,868 | WARNING  | RansomwareDetector.Watcher | ⚠️  MASSE : 65 fichiers modifiés en 60s (1.08/sec)
2026-04-20 23:51:43,099 | WARNING  | RansomwareDetector.Watcher | ⚠️  MASSE : 98 fichiers modifiés en 60s (1.63/sec)
2026-04-20 23:51:43,100 | CRITICAL | RansomwareDetector | 💀 [EMERGENCY] 💀 CHIFFREMENT DE MASSE DÉTECTÉ — 98 fichiers modifiés en 60s (1.6 fichiers/sec) — Isolation recommandée
2026-04-20 23:51:43,106 | WARNING  | RansomwareDetector.Watcher | ⚠️  MASSE : 99 fichiers modifiés en 60s (1.65/sec)
2026-04-20 23:51:43,110 | CRITICAL | RansomwareDetector | 💀 [EMERGENCY] 💀 CHIFFREMENT DE MASSE DÉTECTÉ — 99 fichiers modifiés en 60s (1.6 fichiers/sec) — Isolation recommandée
2026-04-20 23:51:43,299 | CRITICAL | RansomwareDetector | 💀 [EMERGENCY] 💀 CHIFFREMENT DE MASSE DÉTECTÉ — 65 fichiers modifiés en 60s (1.1 fichiers/sec) — Isolation recommandée
2026-04-20 23:51:43,569 | WARNING  | RansomwareDetector.Watcher | ⚠️  MASSE : 100 fichiers modifiés en 60s (1.67/sec)
2026-04-20 23:51:43,687 | CRITICAL | RansomwareDetector | 💀 [EMERGENCY] 💀 CHIFFREMENT DE MASSE DÉTECTÉ — 100 fichiers modifiés en 60s (1.7 fichiers/sec) — Isolation recommandée
2026-04-20 23:51:43,749 | CRITICAL | RansomwareDetector.Watcher | 🚨 CANARY TOUCHÉ [MODIFIED] : C:\Users\Nouar\Desktop\company_contracts_2024.docx
2026-04-20 23:51:41,212 | CRITICAL | RansomwareDetector | 💀 [EMERGENCY] 💀 CHIFFREMENT DE MASSE DÉTECTÉ — 102 fichiers modifiés en 60s (1.7 fichiers/sec) — Isolation recommandée
2026-04-20 23:51:44,326 | WARNING  | RansomwareDetector.Watcher | ⚠️  MASSE : 101 fichiers modifiés en 60s (1.68/sec)
2026-04-20 23:51:44,334 | CRITICAL | RansomwareDetector | 💀 [EMERGENCY] 💀 CHIFFREMENT DE MASSE DÉTECTÉ — 101 fichiers modifiés en 60s (1.7 fichiers/sec) — Isolation recommandée
2026-04-20 23:51:44,346 | WARNING  | RansomwareDetector.Watcher | ⚠️  MASSE : 102 fichiers modifiés en 60s (1.70/sec)
2026-04-20 23:51:44,352 | CRITICAL | RansomwareDetector | 💀 [EMERGENCY] 💀 CHIFFREMENT DE MASSE DÉTECTÉ — 102 fichiers modifiés en 60s (1.7 fichiers/sec) — Isolation recommandée
2026-04-20 23:51:43,752 | WARNING  | RansomwareDetector.Watcher | ⚠️  MASSE : 66 fichiers modifiés en 60s (1.10/sec)
2026-04-20 23:51:44,443 | CRITICAL | RansomwareDetector | 💀 [EMERGENCY] 💀 CHIFFREMENT DE MASSE DÉTECTÉ — 66 fichiers modifiés en 60s (1.1 fichiers/sec) — Isolation recommandée
2026-04-20 23:51:44,911 | WARNING  | RansomwareDetector.Watcher | ⚠️  MASSE : 103 fichiers modifiés en 60s (1.72/sec)
2026-04-20 23:51:44,917 | CRITICAL | RansomwareDetector | 💀 [EMERGENCY] 💀 CHIFFREMENT DE MASSE DÉTECTÉ — 103 fichiers modifiés en 60s (1.7 fichiers/sec) — Isolation recommandée
2026-04-20 23:51:44,927 | WARNING  | RansomwareDetector.Watcher | ⚠️  MASSE : 104 fichiers modifiés en 60s (1.73/sec)
2026-04-20 23:51:44,293 | WARNING  | RansomwareDetector.Watcher | ⚠️  MASSE : 103 fichiers modifiés en 60s (1.72/sec)
2026-04-20 23:51:44,950 | CRITICAL | RansomwareDetector | 💀 [EMERGENCY] 💀 CHIFFREMENT DE MASSE DÉTECTÉ — 103 fichiers modifiés en 60s (1.7 fichiers/sec) — Isolation recommandée
2026-04-20 23:51:44,962 | WARNING  | RansomwareDetector.Watcher | ⚠️  MASSE : 104 fichiers modifiés en 60s (1.73/sec)
2026-04-20 23:51:44,969 | CRITICAL | RansomwareDetector | 💀 [EMERGENCY] 💀 CHIFFREMENT DE MASSE DÉTECTÉ — 104 fichiers modifiés en 60s (1.7 fichiers/sec) — Isolation recommandée
2026-04-20 23:51:44,980 | WARNING  | RansomwareDetector.Watcher | ⚠️  MASSE : 105 fichiers modifiés en 60s (1.75/sec)
2026-04-20 23:51:44,987 | CRITICAL | RansomwareDetector | 💀 [EMERGENCY] 💀 CHIFFREMENT DE MASSE DÉTECTÉ — 105 fichiers modifiés en 60s (1.8 fichiers/sec) — Isolation recommandée
2026-04-20 23:51:44,996 | WARNING  | RansomwareDetector.Watcher | ⚠️  MASSE : 106 fichiers modifiés en 60s (1.77/sec)
2026-04-20 23:51:44,511 | CRITICAL | RansomwareDetector.Watcher | 🚨 CANARY TOUCHÉ [MODIFIED] : C:\Users\Nouar\Documents\hr_employee_list.csv
2026-04-20 23:51:45,099 | WARNING  | RansomwareDetector.Watcher | ⚠️  MASSE : 67 fichiers modifiés en 60s (1.12/sec)
2026-04-20 23:51:45,354 | CRITICAL | RansomwareDetector | 💀 [EMERGENCY] 💀 CHIFFREMENT DE MASSE DÉTECTÉ — 106 fichiers modifiés en 60s (1.8 fichiers/sec) — Isolation recommandée
2026-04-20 23:51:44,935 | CRITICAL | RansomwareDetector | 💀 [EMERGENCY] 💀 CHIFFREMENT DE MASSE DÉTECTÉ — 104 fichiers modifiés en 60s (1.7 fichiers/sec) — Isolation recommandée
2026-04-20 23:51:45,108 | CRITICAL | RansomwareDetector | 💀 [EMERGENCY] 💀 CHIFFREMENT DE MASSE DÉTECTÉ — 67 fichiers modifiés en 60s (1.1 fichiers/sec) — Isolation recommandée
2026-04-20 23:51:45,849 | CRITICAL | RansomwareDetector.Watcher | 🚨 CANARY TOUCHÉ [MODIFIED] : C:\Users\Nouar\Desktop\company_contracts_2024.docx
2026-04-20 23:51:45,858 | WARNING  | RansomwareDetector.Watcher | ⚠️  MASSE : 68 fichiers modifiés en 60s (1.13/sec)
2026-04-20 23:51:45,869 | CRITICAL | RansomwareDetector | 💀 [EMERGENCY] 💀 CHIFFREMENT DE MASSE DÉTECTÉ — 68 fichiers modifiés en 60s (1.1 fichiers/sec) — Isolation recommandée
2026-04-20 23:51:46,275 | CRITICAL | RansomwareDetector.Watcher | 🚨 CANARY TOUCHÉ [MODIFIED] : C:\Users\Nouar\Documents\hr_employee_list.csv
2026-04-20 23:51:46,821 | WARNING  | RansomwareDetector.Watcher | ⚠️  MASSE : 69 fichiers modifiés en 60s (1.15/sec)
2026-04-20 23:51:46,308 | WARNING  | RansomwareDetector.Watcher | ⚠️  MASSE : 105 fichiers modifiés en 60s (1.75/sec)
2026-04-20 23:51:46,829 | CRITICAL | RansomwareDetector | 💀 [EMERGENCY] 💀 CHIFFREMENT DE MASSE DÉTECTÉ — 69 fichiers modifiés en 60s (1.1 fichiers/sec) — Isolation recommandée
2026-04-20 23:51:47,086 | CRITICAL | RansomwareDetector | 💀 [EMERGENCY] 💀 CHIFFREMENT DE MASSE DÉTECTÉ — 105 fichiers modifiés en 60s (1.8 fichiers/sec) — Isolation recommandée
2026-04-20 23:51:47,491 | WARNING  | RansomwareDetector.Watcher | ⚠️  MASSE : 106 fichiers modifiés en 60s (1.77/sec)
2026-04-20 23:51:47,494 | CRITICAL | RansomwareDetector | 💀 [EMERGENCY] 💀 CHIFFREMENT DE MASSE DÉTECTÉ — 106 fichiers modifiés en 60s (1.8 fichiers/sec) — Isolation recommandée
2026-04-20 23:51:47,496 | CRITICAL | RansomwareDetector.Watcher | 🚨 CANARY TOUCHÉ [MODIFIED] : C:\Users\Nouar\Desktop\company_contracts_2024.docx
2026-04-20 23:51:47,499 | WARNING  | RansomwareDetector.Watcher | ⚠️  MASSE : 70 fichiers modifiés en 60s (1.17/sec)
2026-04-20 23:51:47,542 | WARNING  | RansomwareDetector.Watcher | ⚠️  MASSE : 107 fichiers modifiés en 60s (1.78/sec)
2026-04-20 23:51:47,502 | CRITICAL | RansomwareDetector | 💀 [EMERGENCY] 💀 CHIFFREMENT DE MASSE DÉTECTÉ — 70 fichiers modifiés en 60s (1.2 fichiers/sec) — Isolation recommandée
2026-04-20 23:51:47,669 | CRITICAL | RansomwareDetector.Watcher | 🚨 CANARY TOUCHÉ [MODIFIED] : C:\Users\Public\private_keys.pem
2026-04-20 23:51:47,672 | WARNING  | RansomwareDetector.Watcher | ⚠️  MASSE : 71 fichiers modifiés en 60s (1.18/sec)
2026-04-20 23:51:47,675 | CRITICAL | RansomwareDetector | 💀 [EMERGENCY] 💀 CHIFFREMENT DE MASSE DÉTECTÉ — 71 fichiers modifiés en 60s (1.2 fichiers/sec) — Isolation recommandée
2026-04-20 23:51:47,679 | CRITICAL | RansomwareDetector.Watcher | 🚨 CANARY TOUCHÉ [CREATED] : C:\Users\Nouar\Documents\vpn_config_backup.ovpn
2026-04-20 23:51:47,682 | WARNING  | RansomwareDetector.Watcher | ⚠️  MASSE : 72 fichiers modifiés en 60s (1.20/sec)
2026-04-20 23:51:47,684 | CRITICAL | RansomwareDetector | 💀 [EMERGENCY] 💀 CHIFFREMENT DE MASSE DÉTECTÉ — 72 fichiers modifiés en 60s (1.2 fichiers/sec) — Isolation recommandée
2026-04-20 23:51:47,900 | CRITICAL | RansomwareDetector.Watcher | 🚨 CANARY TOUCHÉ [MODIFIED] : C:\Users\Nouar\Downloads\hr_employee_list.csv
2026-04-20 23:51:48,115 | WARNING  | RansomwareDetector.Watcher | ⚠️  MASSE : 73 fichiers modifiés en 60s (1.22/sec)
2026-04-20 23:51:48,117 | CRITICAL | RansomwareDetector | 💀 [EMERGENCY] 💀 CHIFFREMENT DE MASSE DÉTECTÉ — 73 fichiers modifiés en 60s (1.2 fichiers/sec) — Isolation recommandée
2026-04-20 23:51:48,123 | CRITICAL | RansomwareDetector.Watcher | 🚨 CANARY TOUCHÉ [MODIFIED] : C:\Users\Nouar\Documents\vpn_config_backup.ovpn
2026-04-20 23:51:48,126 | WARNING  | RansomwareDetector.Watcher | ⚠️  MASSE : 74 fichiers modifiés en 60s (1.23/sec)
2026-04-20 23:51:48,129 | CRITICAL | RansomwareDetector | 💀 [EMERGENCY] 💀 CHIFFREMENT DE MASSE DÉTECTÉ — 74 fichiers modifiés en 60s (1.2 fichiers/sec) — Isolation recommandée
2026-04-20 23:51:48,144 | CRITICAL | RansomwareDetector.Watcher | 🚨 CANARY TOUCHÉ [MODIFIED] : C:\Users\Nouar\Downloads\hr_employee_list.csv
2026-04-20 23:51:48,357 | WARNING  | RansomwareDetector.Watcher | ⚠️  MASSE : 75 fichiers modifiés en 60s (1.25/sec)
2026-04-20 23:51:48,361 | CRITICAL | RansomwareDetector | 💀 [EMERGENCY] 💀 CHIFFREMENT DE MASSE DÉTECTÉ — 75 fichiers modifiés en 60s (1.2 fichiers/sec) — Isolation recommandée
2026-04-20 23:51:48,679 | CRITICAL | RansomwareDetector.Watcher | 🚨 CANARY TOUCHÉ [CREATED] : C:\Users\Nouar\Desktop\hr_employee_list.csv
2026-04-20 23:51:49,811 | WARNING  | RansomwareDetector.Watcher | ⚠️  MASSE : 76 fichiers modifiés en 60s (1.27/sec)
2026-04-20 23:51:49,817 | CRITICAL | RansomwareDetector | 💀 [EMERGENCY] 💀 CHIFFREMENT DE MASSE DÉTECTÉ — 76 fichiers modifiés en 60s (1.3 fichiers/sec) — Isolation recommandée
2026-04-20 23:51:49,828 | CRITICAL | RansomwareDetector.Watcher | 🚨 CANARY TOUCHÉ [CREATED] : C:\Users\Nouar\Downloads\vpn_config_backup.ovpn
2026-04-20 23:51:49,834 | WARNING  | RansomwareDetector.Watcher | ⚠️  MASSE : 77 fichiers modifiés en 60s (1.28/sec)
2026-04-20 23:51:49,842 | CRITICAL | RansomwareDetector | 💀 [EMERGENCY] 💀 CHIFFREMENT DE MASSE DÉTECTÉ — 77 fichiers modifiés en 60s (1.3 fichiers/sec) — Isolation recommandée
2026-04-20 23:51:51,067 | CRITICAL | RansomwareDetector.Watcher | 🚨 CANARY TOUCHÉ [MODIFIED] : C:\Users\Nouar\Desktop\hr_employee_list.csv
 (1.8 fichiers/sec) — Isolation recommandée
2026-04-20 23:51:51,522 | WARNING  | RansomwareDetector.Watcher | ⚠️  MASSE : 78 fichiers modifiés en 60s (1.30/sec)
2026-04-20 23:51:51,824 | CRITICAL | RansomwareDetector | 💀 [EMERGENCY] 💀 CHIFFREMENT DE MASSE DÉTECTÉ — 78 fichiers modifiés en 60s (1.3 fichiers/sec) — Isolation recommandée
2026-04-20 23:51:51,832 | CRITICAL | RansomwareDetector.Watcher | 🚨 CANARY TOUCHÉ [MODIFIED] : C:\Users\Nouar\Documents\vpn_config_backup.ovpn
2026-04-20 23:51:51,840 | WARNING  | RansomwareDetector.Watcher | ⚠️  MASSE : 79 fichiers modifiés en 60s (1.32/sec)
2026-04-20 23:51:51,176 | WARNING  | RansomwareDetector.Watcher | ⚠️  MASSE : 108 fichiers modifiés en 60s (1.80/sec)
2026-04-20 23:51:51,934 | CRITICAL | RansomwareDetector | 💀 [EMERGENCY] 💀 CHIFFREMENT DE MASSE DÉTECTÉ — 108 fichiers modifiés en 60s (1.8 fichiers/sec) — Isolation recommandée
2026-04-20 23:51:51,847 | CRITICAL | RansomwareDetector | 💀 [EMERGENCY] 💀 CHIFFREMENT DE MASSE DÉTECTÉ — 79 fichiers modifiés en 60s (1.3 fichiers/sec) — Isolation recommandée
2026-04-20 23:51:52,396 | CRITICAL | RansomwareDetector.Watcher | 🚨 CANARY TOUCHÉ [MODIFIED] : C:\Users\Nouar\Downloads\vpn_config_backup.ovpn
2026-04-20 23:51:52,400 | WARNING  | RansomwareDetector.Watcher | ⚠️  MASSE : 80 fichiers modifiés en 60s (1.33/sec)
2026-04-20 23:51:52,405 | CRITICAL | RansomwareDetector | 💀 [EMERGENCY] 💀 CHIFFREMENT DE MASSE DÉTECTÉ — 80 fichiers modifiés en 60s (1.3 fichiers/sec) — Isolation recommandée
2026-04-20 23:51:52,408 | CRITICAL | RansomwareDetector.Watcher | 🚨 CANARY TOUCHÉ [MODIFIED] : C:\Users\Public\private_keys.pem
2026-04-20 23:51:52,411 | WARNING  | RansomwareDetector.Watcher | ⚠️  MASSE : 81 fichiers modifiés en 60s (1.35/sec)
2026-04-20 23:51:52,414 | CRITICAL | RansomwareDetector | 💀 [EMERGENCY] 💀 CHIFFREMENT DE MASSE DÉTECTÉ — 81 fichiers modifiés en 60s (1.4 fichiers/sec) — Isolation recommandée
2026-04-20 23:51:52,418 | CRITICAL | RansomwareDetector.Watcher | 🚨 CANARY TOUCHÉ [MODIFIED] : C:\Users\Nouar\Downloads\vpn_config_backup.ovpn
2026-04-20 23:51:52,422 | WARNING  | RansomwareDetector.Watcher | ⚠️  MASSE : 82 fichiers modifiés en 60s (1.37/sec)
2026-04-20 23:51:52,424 | CRITICAL | RansomwareDetector | 💀 [EMERGENCY] 💀 CHIFFREMENT DE MASSE DÉTECTÉ — 82 fichiers modifiés en 60s (1.4 fichiers/sec) — Isolation recommandée
2026-04-20 23:51:52,429 | CRITICAL | RansomwareDetector.Watcher | 🚨 CANARY TOUCHÉ [CREATED] : C:\Users\Nouar\Documents\tax_declaration_2023.pdf
2026-04-20 23:51:52,432 | WARNING  | RansomwareDetector.Watcher | ⚠️  MASSE : 83 fichiers modifiés en 60s (1.38/sec)
2026-04-20 23:51:52,436 | CRITICAL | RansomwareDetector | 💀 [EMERGENCY] 💀 CHIFFREMENT DE MASSE DÉTECTÉ — 83 fichiers modifiés en 60s (1.4 fichiers/sec) — Isolation recommandée
2026-04-20 23:51:52,441 | CRITICAL | RansomwareDetector.Watcher | 🚨 CANARY TOUCHÉ [MODIFIED] : C:\Users\Nouar\Downloads\vpn_config_backup.ovpn
2026-04-20 23:51:52,444 | WARNING  | RansomwareDetector.Watcher | ⚠️  MASSE : 84 fichiers modifiés en 60s (1.40/sec)
2026-04-20 23:51:52,446 | CRITICAL | RansomwareDetector | 💀 [EMERGENCY] 💀 CHIFFREMENT DE MASSE DÉTECTÉ — 84 fichiers modifiés en 60s (1.4 fichiers/sec) — Isolation recommandée
2026-04-20 23:51:52,451 | CRITICAL | RansomwareDetector.Watcher | 🚨 CANARY TOUCHÉ [MODIFIED] : C:\Users\Nouar\Documents\tax_declaration_2023.pdf
2026-04-20 23:51:52,456 | WARNING  | RansomwareDetector.Watcher | ⚠️  MASSE : 85 fichiers modifiés en 60s (1.42/sec)
2026-04-20 23:51:52,460 | CRITICAL | RansomwareDetector | 💀 [EMERGENCY] 💀 CHIFFREMENT DE MASSE DÉTECTÉ — 85 fichiers modifiés en 60s (1.4 fichiers/sec) — Isolation recommandée
2026-04-20 23:51:53,063 | CRITICAL | RansomwareDetector.Watcher | 🚨 CANARY TOUCHÉ [CREATED] : C:\Users\Nouar\Downloads\tax_declaration_2023.pdf
2026-04-20 23:51:53,067 | WARNING  | RansomwareDetector.Watcher | ⚠️  MASSE : 86 fichiers modifiés en 60s (1.43/sec)
2026-04-20 23:51:53,070 | CRITICAL | RansomwareDetector | 💀 [EMERGENCY] 💀 CHIFFREMENT DE MASSE DÉTECTÉ — 86 fichiers modifiés en 60s (1.4 fichiers/sec) — Isolation recommandée
2026-04-20 23:51:53,073 | CRITICAL | RansomwareDetector.Watcher | 🚨 CANARY TOUCHÉ [CREATED] : C:\Users\Public\company_contracts_2024.docx
2026-04-20 23:51:53,405 | WARNING  | RansomwareDetector.Watcher | ⚠️  MASSE : 87 fichiers modifiés en 60s (1.45/sec)
2026-04-20 23:51:53,408 | CRITICAL | RansomwareDetector | 💀 [EMERGENCY] 💀 CHIFFREMENT DE MASSE DÉTECTÉ — 87 fichiers modifiés en 60s (1.4 fichiers/sec) — Isolation recommandée
2026-04-20 23:51:53,413 | CRITICAL | RansomwareDetector.Watcher | 🚨 CANARY TOUCHÉ [MODIFIED] : C:\Users\Public\company_contracts_2024.docx
2026-04-20 23:51:53,415 | WARNING  | RansomwareDetector.Watcher | ⚠️  MASSE : 88 fichiers modifiés en 60s (1.47/sec)
2026-04-20 23:51:53,419 | CRITICAL | RansomwareDetector | 💀 [EMERGENCY] 💀 CHIFFREMENT DE MASSE DÉTECTÉ — 88 fichiers modifiés en 60s (1.5 fichiers/sec) — Isolation recommandée
2026-04-20 23:51:53,423 | CRITICAL | RansomwareDetector.Watcher | 🚨 CANARY TOUCHÉ [MODIFIED] : C:\Users\Nouar\Downloads\tax_declaration_2023.pdf
2026-04-20 23:51:53,427 | WARNING  | RansomwareDetector.Watcher | ⚠️  MASSE : 89 fichiers modifiés en 60s (1.48/sec)
2026-04-20 23:51:53,430 | CRITICAL | RansomwareDetector | 💀 [EMERGENCY] 💀 CHIFFREMENT DE MASSE DÉTECTÉ — 89 fichiers modifiés en 60s (1.5 fichiers/sec) — Isolation recommandée
2026-04-20 23:51:53,442 | CRITICAL | RansomwareDetector.Watcher | 🚨 CANARY TOUCHÉ [MODIFIED] : C:\Users\Public\company_contracts_2024.docx
2026-04-20 23:51:53,447 | WARNING  | RansomwareDetector.Watcher | ⚠️  MASSE : 90 fichiers modifiés en 60s (1.50/sec)
2026-04-20 23:51:53,451 | CRITICAL | RansomwareDetector | 💀 [EMERGENCY] 💀 CHIFFREMENT DE MASSE DÉTECTÉ — 90 fichiers modifiés en 60s (1.5 fichiers/sec) — Isolation recommandée
2026-04-20 23:51:54,060 | WARNING  | RansomwareDetector.Watcher | ⚠️  MASSE : 109 fichiers modifiés en 60s (1.82/sec)
2026-04-20 23:51:54,078 | CRITICAL | RansomwareDetector | 💀 [EMERGENCY] 💀 CHIFFREMENT DE MASSE DÉTECTÉ — 109 fichiers modifiés en 60s (1.8 fichiers/sec) — Isolation recommandée
2026-04-20 23:51:54,139 | WARNING  | RansomwareDetector.Watcher | ⚠️  MASSE : 110 fichiers modifiés en 60s (1.83/sec)
2026-04-20 23:51:54,542 | CRITICAL | RansomwareDetector | 💀 [EMERGENCY] 💀 CHIFFREMENT DE MASSE DÉTECTÉ — 110 fichiers modifiés en 60s (1.8 fichiers/sec) — Isolation recommandée
2026-04-20 23:51:54,575 | WARNING  | RansomwareDetector.Watcher | ⚠️  MASSE : 111 fichiers modifiés en 60s (1.85/sec)
2026-04-20 23:51:55,527 | CRITICAL | RansomwareDetector.Watcher | 🚨 CANARY TOUCHÉ [MODIFIED] : C:\Users\Nouar\Desktop\hr_employee_list.csv
2026-04-20 23:51:55,534 | WARNING  | RansomwareDetector.Watcher | ⚠️  MASSE : 91 fichiers modifiés en 60s (1.52/sec)
2026-04-20 23:51:55,543 | CRITICAL | RansomwareDetector | 💀 [EMERGENCY] 💀 CHIFFREMENT DE MASSE DÉTECTÉ — 91 fichiers modifiés en 60s (1.5 fichiers/sec) — Isolation recommandée
2026-04-20 23:51:55,552 | CRITICAL | RansomwareDetector.Watcher | 🚨 CANARY TOUCHÉ [MODIFIED] : C:\Users\Nouar\Documents\tax_declaration_2023.pdf
2026-04-20 23:51:55,561 | WARNING  | RansomwareDetector.Watcher | ⚠️  MASSE : 92 fichiers modifiés en 60s (1.53/sec)
2026-04-20 23:51:55,569 | CRITICAL | RansomwareDetector | 💀 [EMERGENCY] 💀 CHIFFREMENT DE MASSE DÉTECTÉ — 92 fichiers modifiés en 60s (1.5 fichiers/sec) — Isolation recommandée
2026-04-20 23:51:55,581 | CRITICAL | RansomwareDetector.Watcher | 🚨 CANARY TOUCHÉ [MODIFIED] : C:\Users\Nouar\Downloads\tax_declaration_2023.pdf
2026-04-20 23:51:55,587 | WARNING  | RansomwareDetector.Watcher | ⚠️  MASSE : 93 fichiers modifiés en 60s (1.55/sec)
2026-04-20 23:51:55,214 | CRITICAL | RansomwareDetector | 💀 [EMERGENCY] 💀 CHIFFREMENT DE MASSE DÉTECTÉ — 111 fichiers modifiés en 60s (1.9 fichiers/sec) — Isolation recommandée
2026-04-20 23:51:55,596 | CRITICAL | RansomwareDetector | 💀 [EMERGENCY] 💀 CHIFFREMENT DE MASSE DÉTECTÉ — 93 fichiers modifiés en 60s (1.6 fichiers/sec) — Isolation recommandée
2026-04-20 23:51:56,208 | WARNING  | RansomwareDetector.Watcher | ⚠️  MASSE : 112 fichiers modifiés en 60s (1.87/sec)
2026-04-20 23:51:56,598 | CRITICAL | RansomwareDetector.Watcher | 🚨 CANARY TOUCHÉ [CREATED] : C:\Users\Nouar\Desktop\vpn_config_backup.ovpn
2026-04-20 23:51:56,607 | WARNING  | RansomwareDetector.Watcher | ⚠️  MASSE : 94 fichiers modifiés en 60s (1.57/sec)
2026-04-20 23:51:56,615 | CRITICAL | RansomwareDetector | 💀 [EMERGENCY] 💀 CHIFFREMENT DE MASSE DÉTECTÉ — 94 fichiers modifiés en 60s (1.6 fichiers/sec) — Isolation recommandée
2026-04-20 23:51:56,626 | CRITICAL | RansomwareDetector.Watcher | 🚨 CANARY TOUCHÉ [MODIFIED] : C:\Users\Nouar\Documents\tax_declaration_2023.pdf
2026-04-20 23:51:56,634 | WARNING  | RansomwareDetector.Watcher | ⚠️  MASSE : 95 fichiers modifiés en 60s (1.58/sec)
2026-04-20 23:51:56,647 | CRITICAL | RansomwareDetector | 💀 [EMERGENCY] 💀 CHIFFREMENT DE MASSE DÉTECTÉ — 95 fichiers modifiés en 60s (1.6 fichiers/sec) — Isolation recommandée
2026-04-20 23:51:56,662 | CRITICAL | RansomwareDetector.Watcher | 🚨 CANARY TOUCHÉ [CREATED] : C:\Users\Nouar\Downloads\ssh_id_rsa
2026-04-20 23:51:56,244 | CRITICAL | RansomwareDetector | 💀 [EMERGENCY] 💀 CHIFFREMENT DE MASSE DÉTECTÉ — 112 fichiers modifiés en 60s (1.9 fichiers/sec) — Isolation recommandée
2026-04-20 23:51:57,124 | WARNING  | RansomwareDetector.Watcher | ⚠️  MASSE : 113 fichiers modifiés en 60s (1.88/sec)
2026-04-20 23:51:57,448 | CRITICAL | RansomwareDetector | 💀 [EMERGENCY] 💀 CHIFFREMENT DE MASSE DÉTECTÉ — 113 fichiers modifiés en 60s (1.9 fichiers/sec) — Isolation recommandée
2026-04-20 23:51:57,454 | WARNING  | RansomwareDetector.Watcher | ⚠️  MASSE : 111 fichiers modifiés en 60s (1.85/sec)
2026-04-20 23:51:57,457 | CRITICAL | RansomwareDetector | 💀 [EMERGENCY] 💀 CHIFFREMENT DE MASSE DÉTECTÉ — 111 fichiers modifiés en 60s (1.9 fichiers/sec) — Isolation recommandée
2026-04-20 23:51:57,463 | WARNING  | RansomwareDetector.Watcher | ⚠️  MASSE : 112 fichiers modifiés en 60s (1.87/sec)
2026-04-20 23:51:57,467 | CRITICAL | RansomwareDetector | 💀 [EMERGENCY] 💀 CHIFFREMENT DE MASSE DÉTECTÉ — 112 fichiers modifiés en 60s (1.9 fichiers/sec) — Isolation recommandée
2026-04-20 23:51:57,699 | WARNING  | RansomwareDetector.Watcher | ⚠️  MASSE : 113 fichiers modifiés en 60s (1.88/sec)
2026-04-20 23:51:57,703 | CRITICAL | RansomwareDetector | 💀 [EMERGENCY] 💀 CHIFFREMENT DE MASSE DÉTECTÉ — 113 fichiers modifiés en 60s (1.9 fichiers/sec) — Isolation recommandée
2026-04-20 23:51:57,707 | WARNING  | RansomwareDetector.Watcher | ⚠️  MASSE : 114 fichiers modifiés en 60s (1.90/sec)
2026-04-20 23:51:57,710 | CRITICAL | RansomwareDetector | 💀 [EMERGENCY] 💀 CHIFFREMENT DE MASSE DÉTECTÉ — 114 fichiers modifiés en 60s (1.9 fichiers/sec) — Isolation recommandée
2026-04-20 23:51:57,715 | WARNING  | RansomwareDetector.Watcher | ⚠️  MASSE : 115 fichiers modifiés en 60s (1.92/sec)
2026-04-20 23:51:57,718 | CRITICAL | RansomwareDetector | 💀 [EMERGENCY] 💀 CHIFFREMENT DE MASSE DÉTECTÉ — 115 fichiers modifiés en 60s (1.9 fichiers/sec) — Isolation recommandée
2026-04-20 23:51:57,070 | WARNING  | RansomwareDetector.Watcher | ⚠️  MASSE : 96 fichiers modifiés en 60s (1.60/sec)
2026-04-20 23:51:57,981 | CRITICAL | RansomwareDetector | 💀 [EMERGENCY] 💀 CHIFFREMENT DE MASSE DÉTECTÉ — 96 fichiers modifiés en 60s (1.6 fichiers/sec) — Isolation recommandée
2026-04-20 23:51:57,988 | CRITICAL | RansomwareDetector.Watcher | 🚨 CANARY TOUCHÉ [CREATED] : C:\Users\Nouar\Documents\ssh_id_rsa
2026-04-20 23:51:57,992 | WARNING  | RansomwareDetector.Watcher | ⚠️  MASSE : 95 fichiers modifiés en 60s (1.58/sec)
2026-04-20 23:51:57,994 | CRITICAL | RansomwareDetector | 💀 [EMERGENCY] 💀 CHIFFREMENT DE MASSE DÉTECTÉ — 95 fichiers modifiés en 60s (1.6 fichiers/sec) — Isolation recommandée
2026-04-20 23:51:57,998 | CRITICAL | RansomwareDetector.Watcher | 🚨 CANARY TOUCHÉ [MODIFIED] : C:\Users\Nouar\Downloads\ssh_id_rsa
2026-04-20 23:51:58,099 | WARNING  | RansomwareDetector.Watcher | ⚠️  MASSE : 114 fichiers modifiés en 60s (1.90/sec)
2026-04-20 23:51:58,101 | CRITICAL | RansomwareDetector | 💀 [EMERGENCY] 💀 CHIFFREMENT DE MASSE DÉTECTÉ — 114 fichiers modifiés en 60s (1.9 fichiers/sec) — Isolation recommandée
2026-04-20 23:51:58,108 | WARNING  | RansomwareDetector.Watcher | ⚠️  MASSE : 115 fichiers modifiés en 60s (1.92/sec)
2026-04-20 23:51:58,110 | CRITICAL | RansomwareDetector | 💀 [EMERGENCY] 💀 CHIFFREMENT DE MASSE DÉTECTÉ — 115 fichiers modifiés en 60s (1.9 fichiers/sec) — Isolation recommandée
2026-04-20 23:51:58,001 | WARNING  | RansomwareDetector.Watcher | ⚠️  MASSE : 96 fichiers modifiés en 60s (1.60/sec)
2026-04-20 23:51:58,312 | CRITICAL | RansomwareDetector | 💀 [EMERGENCY] 💀 CHIFFREMENT DE MASSE DÉTECTÉ — 96 fichiers modifiés en 60s (1.6 fichiers/sec) — Isolation recommandée
2026-04-20 23:51:58,316 | CRITICAL | RansomwareDetector.Watcher | 🚨 CANARY TOUCHÉ [MODIFIED] : C:\Users\Nouar\Documents\ssh_id_rsa
2026-04-20 23:51:58,320 | WARNING  | RansomwareDetector.Watcher | ⚠️  MASSE : 95 fichiers modifiés en 60s (1.58/sec)
2026-04-20 23:51:58,323 | CRITICAL | RansomwareDetector | 💀 [EMERGENCY] 💀 CHIFFREMENT DE MASSE DÉTECTÉ — 95 fichiers modifiés en 60s (1.6 fichiers/sec) — Isolation recommandée
2026-04-20 23:51:58,329 | CRITICAL | RansomwareDetector.Watcher | 🚨 CANARY TOUCHÉ [CREATED] : C:\Users\Public\hr_employee_list.csv
2026-04-20 23:51:58,332 | WARNING  | RansomwareDetector.Watcher | ⚠️  MASSE : 96 fichiers modifiés en 60s (1.60/sec)
2026-04-20 23:51:58,334 | CRITICAL | RansomwareDetector | 💀 [EMERGENCY] 💀 CHIFFREMENT DE MASSE DÉTECTÉ — 96 fichiers modifiés en 60s (1.6 fichiers/sec) — Isolation recommandée
2026-04-20 23:51:58,411 | WARNING  | RansomwareDetector.Watcher | ⚠️  MASSE : 114 fichiers modifiés en 60s (1.90/sec)
2026-04-20 23:51:58,415 | CRITICAL | RansomwareDetector | 💀 [EMERGENCY] 💀 CHIFFREMENT DE MASSE DÉTECTÉ — 114 fichiers modifiés en 60s (1.9 fichiers/sec) — Isolation recommandée
2026-04-20 23:51:58,549 | CRITICAL | RansomwareDetector.Watcher | 🚨 CANARY TOUCHÉ [MODIFIED] : C:\Users\Nouar\Desktop\vpn_config_backup.ovpn
2026-04-20 23:51:58,807 | WARNING  | RansomwareDetector.Watcher | ⚠️  MASSE : 91 fichiers modifiés en 60s (1.52/sec)
2026-04-20 23:51:58,810 | CRITICAL | RansomwareDetector | 💀 [EMERGENCY] 💀 CHIFFREMENT DE MASSE DÉTECTÉ — 91 fichiers modifiés en 60s (1.5 fichiers/sec) — Isolation recommandée
2026-04-20 23:51:58,979 | CRITICAL | RansomwareDetector.Watcher | 🚨 CANARY TOUCHÉ [MODIFIED] : C:\Users\Nouar\Documents\ssh_id_rsa
2026-04-20 23:51:58,982 | WARNING  | RansomwareDetector.Watcher | ⚠️  MASSE : 92 fichiers modifiés en 60s (1.53/sec)
2026-04-20 23:51:58,989 | CRITICAL | RansomwareDetector | 💀 [EMERGENCY] 💀 CHIFFREMENT DE MASSE DÉTECTÉ — 92 fichiers modifiés en 60s (1.5 fichiers/sec) — Isolation recommandée
2026-04-20 23:51:58,999 | CRITICAL | RansomwareDetector.Watcher | 🚨 CANARY TOUCHÉ [MODIFIED] : C:\Users\Nouar\Downloads\ssh_id_rsa
2026-04-20 23:51:59,007 | WARNING  | RansomwareDetector.Watcher | ⚠️  MASSE : 93 fichiers modifiés en 60s (1.55/sec)
2026-04-20 23:51:59,570 | CRITICAL | RansomwareDetector | 💀 [EMERGENCY] 💀 CHIFFREMENT DE MASSE DÉTECTÉ — 93 fichiers modifiés en 60s (1.6 fichiers/sec) — Isolation recommandée
2026-04-20 23:51:59,579 | CRITICAL | RansomwareDetector.Watcher | 🚨 CANARY TOUCHÉ [MODIFIED] : C:\Users\Nouar\Documents\ssh_id_rsa
2026-04-20 23:51:59,587 | WARNING  | RansomwareDetector.Watcher | ⚠️  MASSE : 94 fichiers modifiés en 60s (1.57/sec)
2026-04-20 23:51:59,601 | CRITICAL | RansomwareDetector | 💀 [EMERGENCY] 💀 CHIFFREMENT DE MASSE DÉTECTÉ — 94 fichiers modifiés en 60s (1.6 fichiers/sec) — Isolation recommandée
2026-04-20 23:51:59,931 | CRITICAL | RansomwareDetector.Watcher | 🚨 CANARY TOUCHÉ [MODIFIED] : C:\Users\Nouar\Desktop\vpn_config_backup.ovpn
2026-04-20 23:52:00,104 | WARNING  | RansomwareDetector.Watcher | ⚠️  MASSE : 103 fichiers modifiés en 60s (1.72/sec)
2026-04-20 23:52:00,114 | CRITICAL | RansomwareDetector | 💀 [EMERGENCY] 💀 CHIFFREMENT DE MASSE DÉTECTÉ — 103 fichiers modifiés en 60s (1.7 fichiers/sec) — Isolation recommandée
2026-04-20 23:52:00,616 | WARNING  | RansomwareDetector.Watcher | ⚠️  MASSE : 95 fichiers modifiés en 60s (1.58/sec)
2026-04-20 23:52:01,250 | CRITICAL | RansomwareDetector | 💀 [EMERGENCY] 💀 CHIFFREMENT DE MASSE DÉTECTÉ — 95 fichiers modifiés en 60s (1.6 fichiers/sec) — Isolation recommandée
2026-04-20 23:52:01,261 | CRITICAL | RansomwareDetector.Watcher | 🚨 CANARY TOUCHÉ [MODIFIED] : C:\Users\Public\hr_employee_list.csv
2026-04-20 23:52:01,268 | WARNING  | RansomwareDetector.Watcher | ⚠️  MASSE : 95 fichiers modifiés en 60s (1.58/sec)
2026-04-20 23:52:01,277 | CRITICAL | RansomwareDetector | 💀 [EMERGENCY] 💀 CHIFFREMENT DE MASSE DÉTECTÉ — 95 fichiers modifiés en 60s (1.6 fichiers/sec) — Isolation recommandée
2026-04-20 23:52:01,821 | WARNING  | RansomwareDetector.Watcher | ⚠️  MASSE : 103 fichiers modifiés en 60s (1.72/sec)
2026-04-20 23:52:02,317 | CRITICAL | RansomwareDetector | 💀 [EMERGENCY] 💀 CHIFFREMENT DE MASSE DÉTECTÉ — 103 fichiers modifiés en 60s (1.7 fichiers/sec) — Isolation recommandée
2026-04-20 23:52:01,305 | CRITICAL | RansomwareDetector.Watcher | 🚨 CANARY TOUCHÉ [MODIFIED] : C:\Users\Nouar\Downloads\ssh_id_rsa
2026-04-20 23:52:02,344 | WARNING  | RansomwareDetector.Watcher | ⚠️  MASSE : 95 fichiers modifiés en 60s (1.58/sec)
2026-04-20 23:52:02,348 | CRITICAL | RansomwareDetector | 💀 [EMERGENCY] 💀 CHIFFREMENT DE MASSE DÉTECTÉ — 95 fichiers modifiés en 60s (1.6 fichiers/sec) — Isolation recommandée
2026-04-20 23:52:02,605 | CRITICAL | RansomwareDetector.Watcher | 🚨 CANARY TOUCHÉ [CREATED] : C:\Users\Public\vpn_config_backup.ovpn
2026-04-20 23:52:02,613 | WARNING  | RansomwareDetector.Watcher | ⚠️  MASSE : 96 fichiers modifiés en 60s (1.60/sec)
2026-04-20 23:52:02,617 | CRITICAL | RansomwareDetector | 💀 [EMERGENCY] 💀 CHIFFREMENT DE MASSE DÉTECTÉ — 96 fichiers modifiés en 60s (1.6 fichiers/sec) — Isolation recommandée
2026-04-20 23:52:03,046 | CRITICAL | RansomwareDetector.Watcher | 🚨 CANARY TOUCHÉ [CREATED] : C:\Users\Nouar\Documents\wallet_backup.dat
2026-04-20 23:52:03,049 | WARNING  | RansomwareDetector.Watcher | ⚠️  MASSE : 97 fichiers modifiés en 60s (1.62/sec)
2026-04-20 23:52:03,054 | CRITICAL | RansomwareDetector | 💀 [EMERGENCY] 💀 CHIFFREMENT DE MASSE DÉTECTÉ — 97 fichiers modifiés en 60s (1.6 fichiers/sec) — Isolation recommandée
2026-04-20 23:52:03,059 | CRITICAL | RansomwareDetector.Watcher | 🚨 CANARY TOUCHÉ [MODIFIED] : C:\Users\Public\vpn_config_backup.ovpn
2026-04-20 23:52:03,061 | WARNING  | RansomwareDetector.Watcher | ⚠️  MASSE : 98 fichiers modifiés en 60s (1.63/sec)
2026-04-20 23:52:03,065 | CRITICAL | RansomwareDetector | 💀 [EMERGENCY] 💀 CHIFFREMENT DE MASSE DÉTECTÉ — 98 fichiers modifiés en 60s (1.6 fichiers/sec) — Isolation recommandée
2026-04-20 23:52:03,084 | CRITICAL | RansomwareDetector.Watcher | 🚨 CANARY TOUCHÉ [CREATED] : C:\Users\Nouar\Desktop\tax_declaration_2023.pdf
2026-04-20 23:52:03,351 | WARNING  | RansomwareDetector.Watcher | ⚠️  MASSE : 99 fichiers modifiés en 60s (1.65/sec)
2026-04-20 23:52:03,355 | CRITICAL | RansomwareDetector | 💀 [EMERGENCY] 💀 CHIFFREMENT DE MASSE DÉTECTÉ — 99 fichiers modifiés en 60s (1.6 fichiers/sec) — Isolation recommandée
2026-04-20 23:52:03,310 | WARNING  | RansomwareDetector.Watcher | ⚠️  MASSE : 103 fichiers modifiés en 60s (1.72/sec)
2026-04-20 23:52:03,681 | CRITICAL | RansomwareDetector.Watcher | 🚨 CANARY TOUCHÉ [MODIFIED] : C:\Users\Nouar\Documents\wallet_backup.dat
2026-04-20 23:52:03,684 | WARNING  | RansomwareDetector.Watcher | ⚠️  MASSE : 99 fichiers modifiés en 60s (1.65/sec)
2026-04-20 23:52:03,688 | CRITICAL | RansomwareDetector | 💀 [EMERGENCY] 💀 CHIFFREMENT DE MASSE DÉTECTÉ — 99 fichiers modifiés en 60s (1.6 fichiers/sec) — Isolation recommandée
2026-04-20 23:52:03,692 | CRITICAL | RansomwareDetector.Watcher | 🚨 CANARY TOUCHÉ [CREATED] : C:\Users\Nouar\Downloads\wallet_backup.dat
2026-04-20 23:52:03,696 | WARNING  | RansomwareDetector.Watcher | ⚠️  MASSE : 100 fichiers modifiés en 60s (1.67/sec)
2026-04-20 23:52:03,699 | CRITICAL | RansomwareDetector | 💀 [EMERGENCY] 💀 CHIFFREMENT DE MASSE DÉTECTÉ — 100 fichiers modifiés en 60s (1.7 fichiers/sec) — Isolation recommandée
2026-04-20 23:52:03,705 | CRITICAL | RansomwareDetector.Watcher | 🚨 CANARY TOUCHÉ [MODIFIED] : C:\Users\Nouar\Documents\wallet_backup.dat
2026-04-20 23:52:03,708 | WARNING  | RansomwareDetector.Watcher | ⚠️  MASSE : 101 fichiers modifiés en 60s (1.68/sec)
2026-04-20 23:52:03,712 | CRITICAL | RansomwareDetector | 💀 [EMERGENCY] 💀 CHIFFREMENT DE MASSE DÉTECTÉ — 101 fichiers modifiés en 60s (1.7 fichiers/sec) — Isolation recommandée
2026-04-20 23:52:03,600 | CRITICAL | RansomwareDetector | 💀 [EMERGENCY] 💀 CHIFFREMENT DE MASSE DÉTECTÉ — 103 fichiers modifiés en 60s (1.7 fichiers/sec) — Isolation recommandée
2026-04-20 23:52:05,296 | WARNING  | RansomwareDetector.Watcher | ⚠️  MASSE : 102 fichiers modifiés en 60s (1.70/sec)
2026-04-20 23:52:05,820 | CRITICAL | RansomwareDetector | 💀 [EMERGENCY] 💀 CHIFFREMENT DE MASSE DÉTECTÉ — 102 fichiers modifiés en 60s (1.7 fichiers/sec) — Isolation recommandée
2026-04-20 23:52:03,717 | CRITICAL | RansomwareDetector.Watcher | 🚨 CANARY TOUCHÉ [MODIFIED] : C:\Users\Nouar\Downloads\wallet_backup.dat
2026-04-20 23:52:06,631 | WARNING  | RansomwareDetector.Watcher | ⚠️  MASSE : 101 fichiers modifiés en 60s (1.68/sec)
2026-04-20 23:52:06,639 | CRITICAL | RansomwareDetector | 💀 [EMERGENCY] 💀 CHIFFREMENT DE MASSE DÉTECTÉ — 101 fichiers modifiés en 60s (1.7 fichiers/sec) — Isolation recommandée
2026-04-20 23:52:07,782 | WARNING  | RansomwareDetector.Watcher | ⚠️  MASSE : 100 fichiers modifiés en 60s (1.67/sec)
2026-04-20 23:52:07,790 | CRITICAL | RansomwareDetector | 💀 [EMERGENCY] 💀 CHIFFREMENT DE MASSE DÉTECTÉ — 100 fichiers modifiés en 60s (1.7 fichiers/sec) — Isolation recommandée
2026-04-20 23:52:07,799 | WARNING  | RansomwareDetector.Watcher | ⚠️  MASSE : 101 fichiers modifiés en 60s (1.68/sec)
2026-04-20 23:52:06,646 | CRITICAL | RansomwareDetector.Watcher | 🚨 CANARY TOUCHÉ [MODIFIED] : C:\Users\Nouar\Desktop\tax_declaration_2023.pdf
2026-04-20 23:52:08,270 | WARNING  | RansomwareDetector.Watcher | ⚠️  MASSE : 102 fichiers modifiés en 60s (1.70/sec)
2026-04-20 23:52:08,273 | CRITICAL | RansomwareDetector | 💀 [EMERGENCY] 💀 CHIFFREMENT DE MASSE DÉTECTÉ — 102 fichiers modifiés en 60s (1.7 fichiers/sec) — Isolation recommandée
2026-04-20 23:52:08,278 | CRITICAL | RansomwareDetector.Watcher | 🚨 CANARY TOUCHÉ [MODIFIED] : C:\Users\Nouar\Downloads\wallet_backup.dat
2026-04-20 23:52:08,281 | WARNING  | RansomwareDetector.Watcher | ⚠️  MASSE : 103 fichiers modifiés en 60s (1.72/sec)
2026-04-20 23:52:08,283 | CRITICAL | RansomwareDetector | 💀 [EMERGENCY] 💀 CHIFFREMENT DE MASSE DÉTECTÉ — 103 fichiers modifiés en 60s (1.7 fichiers/sec) — Isolation recommandée
2026-04-20 23:52:08,288 | CRITICAL | RansomwareDetector.Watcher | 🚨 CANARY TOUCHÉ [MODIFIED] : C:\Users\Nouar\Desktop\tax_declaration_2023.pdf
2026-04-20 23:52:08,291 | WARNING  | RansomwareDetector.Watcher | ⚠️  MASSE : 104 fichiers modifiés en 60s (1.73/sec)
2026-04-20 23:52:08,294 | CRITICAL | RansomwareDetector | 💀 [EMERGENCY] 💀 CHIFFREMENT DE MASSE DÉTECTÉ — 104 fichiers modifiés en 60s (1.7 fichiers/sec) — Isolation recommandée
2026-04-20 23:52:08,300 | CRITICAL | RansomwareDetector.Watcher | 🚨 CANARY TOUCHÉ [CREATED] : C:\Users\Nouar\Desktop\ssh_id_rsa
2026-04-20 23:52:08,303 | WARNING  | RansomwareDetector.Watcher | ⚠️  MASSE : 105 fichiers modifiés en 60s (1.75/sec)
2026-04-20 23:52:08,306 | CRITICAL | RansomwareDetector | 💀 [EMERGENCY] 💀 CHIFFREMENT DE MASSE DÉTECTÉ — 105 fichiers modifiés en 60s (1.8 fichiers/sec) — Isolation recommandée
2026-04-20 23:52:08,310 | CRITICAL | RansomwareDetector.Watcher | 🚨 CANARY TOUCHÉ [MODIFIED] : C:\Users\Nouar\Desktop\ssh_id_rsa
2026-04-20 23:52:08,313 | WARNING  | RansomwareDetector.Watcher | ⚠️  MASSE : 106 fichiers modifiés en 60s (1.77/sec)
2026-04-20 23:52:08,315 | CRITICAL | RansomwareDetector | 💀 [EMERGENCY] 💀 CHIFFREMENT DE MASSE DÉTECTÉ — 106 fichiers modifiés en 60s (1.8 fichiers/sec) — Isolation recommandée
2026-04-20 23:52:08,327 | CRITICAL | RansomwareDetector.Watcher | 🚨 CANARY TOUCHÉ [MODIFIED] : C:\Users\Public\vpn_config_backup.ovpn
2026-04-20 23:52:08,330 | WARNING  | RansomwareDetector.Watcher | ⚠️  MASSE : 107 fichiers modifiés en 60s (1.78/sec)
2026-04-20 23:52:08,334 | CRITICAL | RansomwareDetector | 💀 [EMERGENCY] 💀 CHIFFREMENT DE MASSE DÉTECTÉ — 107 fichiers modifiés en 60s (1.8 fichiers/sec) — Isolation recommandée
2026-04-20 23:52:08,583 | CRITICAL | RansomwareDetector | 💀 [EMERGENCY] 💀 CHIFFREMENT DE MASSE DÉTECTÉ — 101 fichiers modifiés en 60s (1.7 fichiers/sec) — Isolation recommandée
2026-04-20 23:52:09,242 | WARNING  | RansomwareDetector.Watcher | ⚠️  MASSE : 102 fichiers modifiés en 60s (1.70/sec)
2026-04-20 23:52:09,245 | CRITICAL | RansomwareDetector | 💀 [EMERGENCY] 💀 CHIFFREMENT DE MASSE DÉTECTÉ — 102 fichiers modifiés en 60s (1.7 fichiers/sec) — Isolation recommandée
2026-04-20 23:52:09,402 | CRITICAL | RansomwareDetector.Watcher | 🚨 CANARY TOUCHÉ [MODIFIED] : C:\Users\Nouar\Documents\wallet_backup.dat
2026-04-20 23:52:09,406 | WARNING  | RansomwareDetector.Watcher | ⚠️  MASSE : 106 fichiers modifiés en 60s (1.77/sec)
2026-04-20 23:52:09,410 | CRITICAL | RansomwareDetector | 💀 [EMERGENCY] 💀 CHIFFREMENT DE MASSE DÉTECTÉ — 106 fichiers modifiés en 60s (1.8 fichiers/sec) — Isolation recommandée
2026-04-20 23:52:09,414 | CRITICAL | RansomwareDetector.Watcher | 🚨 CANARY TOUCHÉ [MODIFIED] : C:\Users\Nouar\Downloads\wallet_backup.dat
2026-04-20 23:52:09,417 | WARNING  | RansomwareDetector.Watcher | ⚠️  MASSE : 107 fichiers modifiés en 60s (1.78/sec)
2026-04-20 23:52:09,421 | CRITICAL | RansomwareDetector | 💀 [EMERGENCY] 💀 CHIFFREMENT DE MASSE DÉTECTÉ — 107 fichiers modifiés en 60s (1.8 fichiers/sec) — Isolation recommandée
2026-04-20 23:52:09,425 | CRITICAL | RansomwareDetector.Watcher | 🚨 CANARY TOUCHÉ [MODIFIED] : C:\Users\Public\vpn_config_backup.ovpn
2026-04-20 23:52:09,428 | WARNING  | RansomwareDetector.Watcher | ⚠️  MASSE : 108 fichiers modifiés en 60s (1.80/sec)
2026-04-20 23:52:09,432 | CRITICAL | RansomwareDetector | 💀 [EMERGENCY] 💀 CHIFFREMENT DE MASSE DÉTECTÉ — 108 fichiers modifiés en 60s (1.8 fichiers/sec) — Isolation recommandée
2026-04-20 23:52:09,476 | WARNING  | RansomwareDetector.Watcher | ⚠️  MASSE : 103 fichiers modifiés en 60s (1.72/sec)
2026-04-20 23:52:09,480 | CRITICAL | RansomwareDetector | 💀 [EMERGENCY] 💀 CHIFFREMENT DE MASSE DÉTECTÉ — 103 fichiers modifiés en 60s (1.7 fichiers/sec) — Isolation recommandée
2026-04-20 23:52:09,483 | WARNING  | RansomwareDetector.Watcher | ⚠️  MASSE : 104 fichiers modifiés en 60s (1.73/sec)
2026-04-20 23:52:09,485 | CRITICAL | RansomwareDetector | 💀 [EMERGENCY] 💀 CHIFFREMENT DE MASSE DÉTECTÉ — 104 fichiers modifiés en 60s (1.7 fichiers/sec) — Isolation recommandée
2026-04-20 23:52:09,711 | CRITICAL | RansomwareDetector.Watcher | 🚨 CANARY TOUCHÉ [CREATED] : C:\Users\Public\tax_declaration_2023.pdf
2026-04-20 23:52:09,713 | WARNING  | RansomwareDetector.Watcher | ⚠️  MASSE : 109 fichiers modifiés en 60s (1.82/sec)
2026-04-20 23:52:09,717 | CRITICAL | RansomwareDetector | 💀 [EMERGENCY] 💀 CHIFFREMENT DE MASSE DÉTECTÉ — 109 fichiers modifiés en 60s (1.8 fichiers/sec) — Isolation recommandée
2026-04-20 23:52:09,722 | CRITICAL | RansomwareDetector.Watcher | 🚨 CANARY TOUCHÉ [MODIFIED] : C:\Users\Public\tax_declaration_2023.pdf
2026-04-20 23:52:09,725 | WARNING  | RansomwareDetector.Watcher | ⚠️  MASSE : 110 fichiers modifiés en 60s (1.83/sec)
2026-04-20 23:52:09,728 | CRITICAL | RansomwareDetector | 💀 [EMERGENCY] 💀 CHIFFREMENT DE MASSE DÉTECTÉ — 110 fichiers modifiés en 60s (1.8 fichiers/sec) — Isolation recommandée
2026-04-20 23:52:09,732 | CRITICAL | RansomwareDetector.Watcher | 🚨 CANARY TOUCHÉ [MODIFIED] : C:\Users\Nouar\Desktop\ssh_id_rsa
2026-04-20 23:52:09,734 | WARNING  | RansomwareDetector.Watcher | ⚠️  MASSE : 111 fichiers modifiés en 60s (1.85/sec)
2026-04-20 23:52:09,890 | CRITICAL | RansomwareDetector | 💀 [EMERGENCY] 💀 CHIFFREMENT DE MASSE DÉTECTÉ — 111 fichiers modifiés en 60s (1.9 fichiers/sec) — Isolation recommandée
2026-04-20 23:52:09,894 | WARNING  | RansomwareDetector.Watcher | ⚠️  MASSE : 111 fichiers modifiés en 60s (1.85/sec)
2026-04-20 23:52:09,898 | CRITICAL | RansomwareDetector | 💀 [EMERGENCY] 💀 CHIFFREMENT DE MASSE DÉTECTÉ — 111 fichiers modifiés en 60s (1.9 fichiers/sec) — Isolation recommandée
2026-04-20 23:52:09,902 | CRITICAL | RansomwareDetector.Watcher | 🚨 CANARY TOUCHÉ [CREATED] : C:\Users\Nouar\Desktop\wallet_backup.dat
2026-04-20 23:52:09,906 | WARNING  | RansomwareDetector.Watcher | ⚠️  MASSE : 112 fichiers modifiés en 60s (1.87/sec)
2026-04-20 23:52:09,909 | CRITICAL | RansomwareDetector | 💀 [EMERGENCY] 💀 CHIFFREMENT DE MASSE DÉTECTÉ — 112 fichiers modifiés en 60s (1.9 fichiers/sec) — Isolation recommandée
2026-04-20 23:52:09,913 | WARNING  | RansomwareDetector.Watcher | ⚠️  MASSE : 113 fichiers modifiés en 60s (1.88/sec)
2026-04-20 23:52:09,916 | CRITICAL | RansomwareDetector | 💀 [EMERGENCY] 💀 CHIFFREMENT DE MASSE DÉTECTÉ — 113 fichiers modifiés en 60s (1.9 fichiers/sec) — Isolation recommandée
2026-04-20 23:52:09,920 | CRITICAL | RansomwareDetector.Watcher | 🚨 CANARY TOUCHÉ [MODIFIED] : C:\Users\Public\tax_declaration_2023.pdf
2026-04-20 23:52:09,924 | WARNING  | RansomwareDetector.Watcher | ⚠️  MASSE : 114 fichiers modifiés en 60s (1.90/sec)
2026-04-20 23:52:09,927 | CRITICAL | RansomwareDetector | 💀 [EMERGENCY] 💀 CHIFFREMENT DE MASSE DÉTECTÉ — 114 fichiers modifiés en 60s (1.9 fichiers/sec) — Isolation recommandée
2026-04-20 23:52:09,932 | CRITICAL | RansomwareDetector.Watcher | 🚨 CANARY TOUCHÉ [MODIFIED] : C:\Users\Nouar\Desktop\wallet_backup.dat
2026-04-20 23:52:09,936 | WARNING  | RansomwareDetector.Watcher | ⚠️  MASSE : 115 fichiers modifiés en 60s (1.92/sec)
2026-04-20 23:52:09,939 | CRITICAL | RansomwareDetector | 💀 [EMERGENCY] 💀 CHIFFREMENT DE MASSE DÉTECTÉ — 115 fichiers modifiés en 60s (1.9 fichiers/sec) — Isolation recommandée
2026-04-20 23:52:10,654 | CRITICAL | RansomwareDetector.Watcher | 🚨 CANARY TOUCHÉ [CREATED] : C:\Users\Public\ssh_id_rsa
2026-04-20 23:52:10,662 | WARNING  | RansomwareDetector.Watcher | ⚠️  MASSE : 115 fichiers modifiés en 60s (1.92/sec)
2026-04-20 23:52:10,669 | CRITICAL | RansomwareDetector | 💀 [EMERGENCY] 💀 CHIFFREMENT DE MASSE DÉTECTÉ — 115 fichiers modifiés en 60s (1.9 fichiers/sec) — Isolation recommandée
2026-04-20 23:52:10,678 | CRITICAL | RansomwareDetector.Watcher | 🚨 CANARY TOUCHÉ [MODIFIED] : C:\Users\Public\ssh_id_rsa
2026-04-20 23:52:10,684 | WARNING  | RansomwareDetector.Watcher | ⚠️  MASSE : 116 fichiers modifiés en 60s (1.93/sec)
2026-04-20 23:52:10,691 | CRITICAL | RansomwareDetector | 💀 [EMERGENCY] 💀 CHIFFREMENT DE MASSE DÉTECTÉ — 116 fichiers modifiés en 60s (1.9 fichiers/sec) — Isolation recommandée
2026-04-20 23:52:10,699 | CRITICAL | RansomwareDetector.Watcher | 🚨 CANARY TOUCHÉ [MODIFIED] : C:\Users\Nouar\Desktop\wallet_backup.dat
2026-04-20 23:52:10,707 | WARNING  | RansomwareDetector.Watcher | ⚠️  MASSE : 117 fichiers modifiés en 60s (1.95/sec)
2026-04-20 23:52:10,713 | CRITICAL | RansomwareDetector | 💀 [EMERGENCY] 💀 CHIFFREMENT DE MASSE DÉTECTÉ — 117 fichiers modifiés en 60s (1.9 fichiers/sec) — Isolation recommandée
2026-04-20 23:52:11,176 | CRITICAL | RansomwareDetector.Watcher | 🚨 CANARY TOUCHÉ [MODIFIED] : C:\Users\Public\ssh_id_rsa
2026-04-20 23:52:11,188 | WARNING  | RansomwareDetector.Watcher | ⚠️  MASSE : 118 fichiers modifiés en 60s (1.97/sec)
2026-04-20 23:52:10,905 | WARNING  | RansomwareDetector.Watcher | ⚠️  MASSE : 102 fichiers modifiés en 60s (1.70/sec)
2026-04-20 23:52:11,196 | CRITICAL | RansomwareDetector | 💀 [EMERGENCY] 💀 CHIFFREMENT DE MASSE DÉTECTÉ — 118 fichiers modifiés en 60s (2.0 fichiers/sec) — Isolation recommandée
2026-04-20 23:52:11,845 | CRITICAL | RansomwareDetector.Watcher | 🚨 CANARY TOUCHÉ [CREATED] : C:\Users\Public\wallet_backup.dat
2026-04-20 23:52:11,852 | WARNING  | RansomwareDetector.Watcher | ⚠️  MASSE : 118 fichiers modifiés en 60s (1.97/sec)
2026-04-20 23:52:11,858 | CRITICAL | RansomwareDetector | 💀 [EMERGENCY] 💀 CHIFFREMENT DE MASSE DÉTECTÉ — 118 fichiers modifiés en 60s (2.0 fichiers/sec) — Isolation recommandée
2026-04-20 23:52:11,867 | CRITICAL | RansomwareDetector.Watcher | 🚨 CANARY TOUCHÉ [MODIFIED] : C:\Users\Nouar\Desktop\wallet_backup.dat
2026-04-20 23:52:11,873 | WARNING  | RansomwareDetector.Watcher | ⚠️  MASSE : 119 fichiers modifiés en 60s (1.98/sec)
2026-04-20 23:52:11,880 | CRITICAL | RansomwareDetector | 💀 [EMERGENCY] 💀 CHIFFREMENT DE MASSE DÉTECTÉ — 119 fichiers modifiés en 60s (2.0 fichiers/sec) — Isolation recommandée
2026-04-20 23:52:11,974 | CRITICAL | RansomwareDetector | 💀 [EMERGENCY] 💀 CHIFFREMENT DE MASSE DÉTECTÉ — 102 fichiers modifiés en 60s (1.7 fichiers/sec) — Isolation recommandée
2026-04-20 23:52:12,397 | WARNING  | RansomwareDetector.Watcher | ⚠️  MASSE : 86 fichiers modifiés en 60s (1.43/sec)
2026-04-20 23:52:13,229 | CRITICAL | RansomwareDetector.Watcher | 🚨 CANARY TOUCHÉ [MODIFIED] : C:\Users\Public\wallet_backup.dat
2026-04-20 23:52:13,198 | CRITICAL | RansomwareDetector | 💀 [EMERGENCY] 💀 CHIFFREMENT DE MASSE DÉTECTÉ — 86 fichiers modifiés en 60s (1.4 fichiers/sec) — Isolation recommandée
2026-04-20 23:54:42,855 | WARNING  | RansomwareDetector.Killer | Aucun processus trouvé avec C:\Users\Nouar\Desktop\passwords_backup.txt ouvert. Peut-être déjà fermé.
2026-04-20 23:54:44,149 | CRITICAL | RansomwareDetector | 🔪 0/0 processus neutralisés.
2026-04-20 23:54:44,159 | CRITICAL | RansomwareDetector | 🚨 CANARY [MODIFIED] passwords_backup.txt | Entropie : 5.25 bits (baseline=5.25, Δ=+0.00)
2026-04-20 23:54:51,574 | WARNING  | RansomwareDetector | 🧠 ML : RANSOMWARE | Confiance : 128% | Niveau : 1/5
   → Activité dans les normes habituelles.
2026-04-20 23:54:51,578 | CRITICAL | RansomwareDetector | 🚨 [CRITICAL] 🚨 CANARY COMPROMIS — Fichier : C:\Users\Nouar\Desktop\passwords_backup.txt | Entropie : 5.25 bits (Δ+0.00) | IA : RANSOMWARE (niveau 1/5)
2026-04-20 23:54:51,722 | CRITICAL | RansomwareDetector | ⚡ RÉPONSE AUTOMATIQUE DÉCLENCHÉE
2026-04-20 23:54:57,256 | WARNING  | RansomwareDetector.Killer | Aucun processus trouvé avec C:\Users\Nouar\Desktop\passwords_backup.txt ouvert. Peut-être déjà fermé.
2026-04-20 23:54:57,268 | WARNING  | RansomwareDetector.Killer | Aucun processus trouvé avec C:\Users\Nouar\Desktop\passwords_backup.txt ouvert. Peut-être déjà fermé.
2026-04-20 23:54:57,290 | CRITICAL | RansomwareDetector | 🔪 0/0 processus neutralisés.
2026-04-20 23:54:57,299 | CRITICAL | RansomwareDetector | 🚨 CANARY [MODIFIED] passwords_backup.txt | Entropie : 5.25 bits (baseline=5.25, Δ=+0.00)
2026-04-20 23:54:59,200 | CRITICAL | RansomwareDetector | 🔪 0/0 processus neutralisés.
2026-04-20 23:54:59,211 | CRITICAL | RansomwareDetector | 🚨 CANARY [MODIFIED] passwords_backup.txt | Entropie : 5.25 bits (baseline=5.25, Δ=+0.00)
2026-04-20 23:55:05,714 | WARNING  | RansomwareDetector | 🧠 ML : RANSOMWARE | Confiance : 128% | Niveau : 1/5
   → Activité dans les normes habituelles.
2026-04-20 23:55:05,719 | CRITICAL | RansomwareDetector | 🚨 [CRITICAL] 🚨 CANARY COMPROMIS — Fichier : C:\Users\Nouar\Desktop\passwords_backup.txt | Entropie : 5.25 bits (Δ+0.00) | IA : RANSOMWARE (niveau 1/5)
2026-04-20 23:55:05,724 | CRITICAL | RansomwareDetector | ⚡ RÉPONSE AUTOMATIQUE DÉCLENCHÉE
2026-04-20 23:55:06,475 | WARNING  | RansomwareDetector | 🧠 ML : RANSOMWARE | Confiance : 129% | Niveau : 1/5
   → Activité dans les normes habituelles.
2026-04-20 23:55:06,486 | CRITICAL | RansomwareDetector | 🚨 [CRITICAL] 🚨 CANARY COMPROMIS — Fichier : C:\Users\Nouar\Desktop\passwords_backup.txt | Entropie : 5.25 bits (Δ+0.00) | IA : RANSOMWARE (niveau 1/5)
2026-04-20 23:55:06,501 | CRITICAL | RansomwareDetector | ⚡ RÉPONSE AUTOMATIQUE DÉCLENCHÉE
2026-04-20 23:55:11,989 | WARNING  | RansomwareDetector.Killer | Aucun processus trouvé avec C:\Users\Nouar\Desktop\passwords_backup.txt ouvert. Peut-être déjà fermé.
2026-04-20 23:55:12,430 | CRITICAL | RansomwareDetector | 🔪 0/0 processus neutralisés.
2026-04-20 23:55:13,473 | CRITICAL | RansomwareDetector | 🚨 CANARY [MODIFIED] client_database.csv | Entropie : 4.24 bits (baseline=4.24, Δ=+0.00)
2026-04-20 23:55:17,976 | WARNING  | RansomwareDetector.Killer | Aucun processus trouvé avec C:\Users\Nouar\Desktop\passwords_backup.txt ouvert. Peut-être déjà fermé.
2026-04-20 23:55:19,136 | CRITICAL | RansomwareDetector | 🔪 0/0 processus neutralisés.
2026-04-20 23:55:19,375 | CRITICAL | RansomwareDetector | 🚨 CANARY [MODIFIED] passwords_backup.txt | Entropie : 5.25 bits (baseline=5.25, Δ=+0.00)
2026-04-20 23:55:23,684 | WARNING  | RansomwareDetector | 🧠 ML : RANSOMWARE | Confiance : 129% | Niveau : 1/5
   → Activité dans les normes habituelles.
2026-04-20 23:55:24,158 | CRITICAL | RansomwareDetector | 🚨 [CRITICAL] 🚨 CANARY COMPROMIS — Fichier : C:\Users\Nouar\Desktop\passwords_backup.txt | Entropie : 5.25 bits (Δ+0.00) | IA : RANSOMWARE (niveau 1/5)
2026-04-20 23:55:24,162 | CRITICAL | RansomwareDetector | ⚡ RÉPONSE AUTOMATIQUE DÉCLENCHÉE
2026-04-20 23:50:59,628 | WARNING  | RansomwareDetector.Watcher | ⚠️  MASSE : 122 fichiers modifiés en 60s (2.03/sec)
2026-04-20 23:55:56,742 | CRITICAL | RansomwareDetector | 💀 [EMERGENCY] 💀 CHIFFREMENT DE MASSE DÉTECTÉ — 122 fichiers modifiés en 60s (2.0 fichiers/sec) — Isolation recommandée
2026-04-20 23:56:09,886 | WARNING  | RansomwareDetector.Killer | Aucun processus trouvé avec C:\Users\Nouar\Desktop\passwords_backup.txt ouvert. Peut-être déjà fermé.
2026-04-20 23:56:10,675 | CRITICAL | RansomwareDetector | 🔪 0/0 processus neutralisés.
2026-04-20 23:56:29,373 | WARNING  | RansomwareDetector.Killer | Aucun processus trouvé avec C:\Users\Nouar\Desktop\passwords_backup.txt ouvert. Peut-être déjà fermé.
2026-04-20 23:56:29,382 | CRITICAL | RansomwareDetector | 🔪 0/0 processus neutralisés.
2026-04-20 23:56:29,929 | WARNING  | RansomwareDetector.Killer | Aucun processus trouvé avec C:\Users\Nouar\Desktop\passwords_backup.txt ouvert. Peut-être déjà fermé.
2026-04-20 23:56:30,884 | WARNING  | RansomwareDetector.Killer | Aucun processus trouvé avec C:\Users\Nouar\Desktop\passwords_backup.txt ouvert. Peut-être déjà fermé.
2026-04-20 23:56:30,888 | CRITICAL | RansomwareDetector | 🔪 0/0 processus neutralisés.
2026-04-20 23:56:31,321 | CRITICAL | RansomwareDetector | 🔪 0/0 processus neutralisés.
2026-04-20 23:57:53,907 | WARNING  | RansomwareDetector.Killer | Aucun processus trouvé avec C:\Users\Nouar\Desktop\passwords_backup.txt ouvert. Peut-être déjà fermé.
2026-04-20 23:57:54,157 | CRITICAL | RansomwareDetector | 🔪 0/0 processus neutralisés.
2026-04-20 23:58:00,488 | WARNING  | RansomwareDetector.Killer | Aucun processus trouvé avec C:\Users\Nouar\Desktop\passwords_backup.txt ouvert. Peut-être déjà fermé.
2026-04-20 23:58:00,710 | CRITICAL | RansomwareDetector | 🔪 0/0 processus neutralisés.
2026-04-20 23:58:04,767 | WARNING  | RansomwareDetector.Killer | Aucun processus trouvé avec C:\Users\Nouar\Desktop\passwords_backup.txt ouvert. Peut-être déjà fermé.
2026-04-20 23:58:04,769 | WARNING  | RansomwareDetector.Killer | Aucun processus trouvé avec C:\Users\Nouar\Desktop\passwords_backup.txt ouvert. Peut-être déjà fermé.
2026-04-20 23:58:04,775 | CRITICAL | RansomwareDetector | 🔪 0/0 processus neutralisés.
2026-04-20 23:58:04,777 | CRITICAL | RansomwareDetector | 🔪 0/0 processus neutralisés.
2026-04-21 00:33:01,209 | CRITICAL | RansomwareDetector.Watcher | 🚨 CANARY TOUCHÉ [MODIFIED] : C:\Users\Nouar\Desktop\passwords_backup.txt
2026-04-21 00:33:01,209 | CRITICAL | RansomwareDetector.Watcher | 🚨 CANARY TOUCHÉ [MODIFIED] : C:\Users\Nouar\Desktop\passwords_backup.txt
2026-04-21 00:33:01,217 | CRITICAL | RansomwareDetector | 🚨 CANARY [MODIFIED] passwords_backup.txt | Entropie : 5.25 bits (baseline=5.25, Δ=+0.00)
2026-04-21 00:33:01,217 | CRITICAL | RansomwareDetector | 🚨 CANARY [MODIFIED] passwords_backup.txt | Entropie : 5.25 bits (baseline=5.25, Δ=+0.00)
2026-04-21 00:33:01,210 | CRITICAL | RansomwareDetector.Watcher | 🚨 CANARY TOUCHÉ [MODIFIED] : C:\Users\Nouar\Desktop\passwords_backup.txt
2026-04-21 00:33:01,227 | CRITICAL | RansomwareDetector | 🚨 CANARY [MODIFIED] passwords_backup.txt | Entropie : 5.25 bits (baseline=5.25, Δ=+0.00)
2026-04-21 00:33:01,284 | WARNING  | RansomwareDetector | 🧠 ML : RANSOMWARE | Confiance : 129% | Niveau : 1/5
   → Activité dans les normes habituelles.
2026-04-21 00:33:01,286 | CRITICAL | RansomwareDetector | 🚨 [CRITICAL] 🚨 CANARY COMPROMIS — Fichier : C:\Users\Nouar\Desktop\passwords_backup.txt | Entropie : 5.25 bits (Δ+0.00) | IA : RANSOMWARE (niveau 1/5)
2026-04-21 00:33:01,293 | CRITICAL | RansomwareDetector | ⚡ RÉPONSE AUTOMATIQUE DÉCLENCHÉE
2026-04-21 00:33:01,294 | WARNING  | RansomwareDetector | 🧠 ML : RANSOMWARE | Confiance : 129% | Niveau : 1/5
   → Activité dans les normes habituelles.
2026-04-21 00:33:01,297 | CRITICAL | RansomwareDetector | 🚨 [CRITICAL] 🚨 CANARY COMPROMIS — Fichier : C:\Users\Nouar\Desktop\passwords_backup.txt | Entropie : 5.25 bits (Δ+0.00) | IA : RANSOMWARE (niveau 1/5)
2026-04-21 00:33:01,363 | WARNING  | RansomwareDetector | 🧠 ML : RANSOMWARE | Confiance : 129% | Niveau : 1/5
   → Activité dans les normes habituelles.
2026-04-21 00:33:01,367 | CRITICAL | RansomwareDetector | ⚡ RÉPONSE AUTOMATIQUE DÉCLENCHÉE
2026-04-21 00:33:01,367 | CRITICAL | RansomwareDetector | 🚨 [CRITICAL] 🚨 CANARY COMPROMIS — Fichier : C:\Users\Nouar\Desktop\passwords_backup.txt | Entropie : 5.25 bits (Δ+0.00) | IA : RANSOMWARE (niveau 1/5)
2026-04-21 00:33:01,372 | CRITICAL | RansomwareDetector | ⚡ RÉPONSE AUTOMATIQUE DÉCLENCHÉE
2026-04-21 00:33:01,924 | CRITICAL | RansomwareDetector.Watcher | 🚨 CANARY TOUCHÉ [MODIFIED] : C:\Users\Nouar\Desktop\passwords_backup.txt
2026-04-21 00:33:01,927 | CRITICAL | RansomwareDetector.Watcher | 🚨 CANARY TOUCHÉ [MODIFIED] : C:\Users\Nouar\Desktop\passwords_backup.txt
2026-04-21 00:33:01,980 | CRITICAL | RansomwareDetector.Watcher | 🚨 CANARY TOUCHÉ [MODIFIED] : C:\Users\Nouar\Desktop\passwords_backup.txt
2026-04-21 00:33:01,984 | CRITICAL | RansomwareDetector.Watcher | 🚨 CANARY TOUCHÉ [MODIFIED] : C:\Users\Nouar\Desktop\passwords_backup.txt
2026-04-21 00:33:01,996 | CRITICAL | RansomwareDetector.Watcher | 🚨 CANARY TOUCHÉ [MODIFIED] : C:\Users\Nouar\Desktop\passwords_backup.txt
2026-04-21 00:33:01,999 | CRITICAL | RansomwareDetector.Watcher | 🚨 CANARY TOUCHÉ [MODIFIED] : C:\Users\Nouar\Desktop\passwords_backup.txt
2026-04-21 00:33:02,149 | CRITICAL | RansomwareDetector | 🚨 CANARY [MODIFIED] passwords_backup.txt | Entropie : 8.00 bits (baseline=5.25, Δ=+2.75)
2026-04-21 00:33:02,152 | CRITICAL | RansomwareDetector | 🚨 CANARY [MODIFIED] passwords_backup.txt | Entropie : 8.00 bits (baseline=5.25, Δ=+2.75)
2026-04-21 00:33:02,153 | CRITICAL | RansomwareDetector | 🚨 CANARY [MODIFIED] passwords_backup.txt | Entropie : 8.00 bits (baseline=5.25, Δ=+2.75)
2026-04-21 00:33:02,179 | CRITICAL | RansomwareDetector | 🚨 CANARY [MODIFIED] passwords_backup.txt | Entropie : 8.00 bits (baseline=5.25, Δ=+2.75)
2026-04-21 00:33:02,186 | CRITICAL | RansomwareDetector | 🚨 CANARY [MODIFIED] passwords_backup.txt | Entropie : 8.00 bits (baseline=5.25, Δ=+2.75)
2026-04-21 00:33:02,189 | CRITICAL | RansomwareDetector | 🚨 CANARY [MODIFIED] passwords_backup.txt | Entropie : 8.00 bits (baseline=5.25, Δ=+2.75)
2026-04-21 00:33:02,281 | WARNING  | RansomwareDetector | 🧠 ML : RANSOMWARE | Confiance : 131% | Niveau : 2/5
   → Signaux suspects : entropie critique (8.00 bits) • variation brutale Δ+2.75 bits (RF=47%)
2026-04-21 00:33:02,288 | CRITICAL | RansomwareDetector | 🚨 [CRITICAL] 🚨 CANARY COMPROMIS — Fichier : C:\Users\Nouar\Desktop\passwords_backup.txt | Entropie : 8.00 bits (Δ+2.75) | IA : RANSOMWARE (niveau 2/5)
2026-04-21 00:33:02,294 | WARNING  | RansomwareDetector | 🧠 ML : RANSOMWARE | Confiance : 130% | Niveau : 2/5
   → Signaux suspects : entropie critique (8.00 bits) • variation brutale Δ+2.75 bits (RF=47%)
2026-04-21 00:33:02,299 | CRITICAL | RansomwareDetector | ⚡ RÉPONSE AUTOMATIQUE DÉCLENCHÉE
2026-04-21 00:33:02,299 | CRITICAL | RansomwareDetector | 🚨 [CRITICAL] 🚨 CANARY COMPROMIS — Fichier : C:\Users\Nouar\Desktop\passwords_backup.txt | Entropie : 8.00 bits (Δ+2.75) | IA : RANSOMWARE (niveau 2/5)
2026-04-21 00:33:02,303 | WARNING  | RansomwareDetector | 🧠 ML : RANSOMWARE | Confiance : 131% | Niveau : 2/5
   → Signaux suspects : entropie critique (8.00 bits) • variation brutale Δ+2.75 bits (RF=47%)
2026-04-21 00:33:02,309 | WARNING  | RansomwareDetector | 🧠 ML : RANSOMWARE | Confiance : 130% | Niveau : 2/5
   → Signaux suspects : entropie critique (8.00 bits) • variation brutale Δ+2.75 bits (RF=47%)
2026-04-21 00:33:02,313 | CRITICAL | RansomwareDetector | 🚨 [CRITICAL] 🚨 CANARY COMPROMIS — Fichier : C:\Users\Nouar\Desktop\passwords_backup.txt | Entropie : 8.00 bits (Δ+2.75) | IA : RANSOMWARE (niveau 2/5)
2026-04-21 00:33:02,316 | CRITICAL | RansomwareDetector | 🚨 [CRITICAL] 🚨 CANARY COMPROMIS — Fichier : C:\Users\Nouar\Desktop\passwords_backup.txt | Entropie : 8.00 bits (Δ+2.75) | IA : RANSOMWARE (niveau 2/5)
2026-04-21 00:33:02,342 | CRITICAL | RansomwareDetector | ⚡ RÉPONSE AUTOMATIQUE DÉCLENCHÉE
2026-04-21 00:33:02,571 | CRITICAL | RansomwareDetector | ⚡ RÉPONSE AUTOMATIQUE DÉCLENCHÉE
2026-04-21 00:33:02,574 | CRITICAL | RansomwareDetector | ⚡ RÉPONSE AUTOMATIQUE DÉCLENCHÉE
2026-04-21 00:33:02,729 | WARNING  | RansomwareDetector | 🧠 ML : RANSOMWARE | Confiance : 131% | Niveau : 2/5
   → Signaux suspects : entropie critique (8.00 bits) • variation brutale Δ+2.75 bits (RF=47%)
2026-04-21 00:33:02,734 | CRITICAL | RansomwareDetector | 🚨 [CRITICAL] 🚨 CANARY COMPROMIS — Fichier : C:\Users\Nouar\Desktop\passwords_backup.txt | Entropie : 8.00 bits (Δ+2.75) | IA : RANSOMWARE (niveau 2/5)
2026-04-21 00:33:02,739 | CRITICAL | RansomwareDetector | ⚡ RÉPONSE AUTOMATIQUE DÉCLENCHÉE
2026-04-21 00:33:03,057 | WARNING  | RansomwareDetector | 🧠 ML : RANSOMWARE | Confiance : 130% | Niveau : 2/5
   → Signaux suspects : entropie critique (8.00 bits) • variation brutale Δ+2.75 bits (RF=47%)
2026-04-21 00:33:03,061 | CRITICAL | RansomwareDetector | 🚨 [CRITICAL] 🚨 CANARY COMPROMIS — Fichier : C:\Users\Nouar\Desktop\passwords_backup.txt | Entropie : 8.00 bits (Δ+2.75) | IA : RANSOMWARE (niveau 2/5)
2026-04-21 00:33:03,681 | CRITICAL | RansomwareDetector | ⚡ RÉPONSE AUTOMATIQUE DÉCLENCHÉE
2026-04-21 00:36:48,473 | WARNING  | RansomwareDetector.Killer | ⏸  Processus suspendu : python.exe (PID=9412)
2026-04-21 00:36:49,981 | CRITICAL | RansomwareDetector.Watcher | 🚨 CANARY TOUCHÉ [MODIFIED] : C:\Users\Nouar\Desktop\passwords_backup.txt
2026-04-21 00:36:50,754 | WARNING  | RansomwareDetector.Killer | 🔪 Processus terminé : python.exe (PID=9412)
2026-04-21 00:36:50,760 | CRITICAL | RansomwareDetector.Watcher | 🚨 CANARY TOUCHÉ [MODIFIED] : C:\Users\Nouar\Desktop\passwords_backup.txt
2026-04-21 00:36:50,696 | CRITICAL | RansomwareDetector.Watcher | 🚨 CANARY TOUCHÉ [MODIFIED] : C:\Users\Nouar\Desktop\passwords_backup.txt
2026-04-21 00:36:51,084 | ERROR    | RansomwareDetector.Killer | Échec suspension PID 9412 : process no longer exists (pid=9412, name='python.exe')
2026-04-21 00:36:51,094 | ERROR    | RansomwareDetector.Killer | Impossible de tuer PID 9412 : process no longer exists (pid=9412, name='python.exe')
2026-04-21 00:36:53,214 | CRITICAL | RansomwareDetector.Killer | 🛡  Réponse complète : 1/1 processus neutralisés.
2026-04-21 00:36:53,244 | CRITICAL | RansomwareDetector | 🔪 1/1 processus neutralisés.
2026-04-21 00:36:53,725 | CRITICAL | RansomwareDetector.Killer | 🛡  Réponse complète : 0/1 processus neutralisés.
2026-04-21 00:36:53,743 | CRITICAL | RansomwareDetector | 🔪 0/1 processus neutralisés.
2026-04-21 00:36:53,915 | CRITICAL | RansomwareDetector | 🚨 CANARY [MODIFIED] passwords_backup.txt | Entropie : 8.00 bits (baseline=5.25, Δ=+2.75)
2026-04-21 00:36:53,784 | CRITICAL | RansomwareDetector | 🚨 CANARY [MODIFIED] passwords_backup.txt | Entropie : 8.00 bits (baseline=5.25, Δ=+2.75)
2026-04-21 00:36:55,489 | CRITICAL | RansomwareDetector | 🚨 CANARY [MODIFIED] passwords_backup.txt | Entropie : 8.00 bits (baseline=5.25, Δ=+2.75)
2026-04-21 00:36:57,596 | WARNING  | RansomwareDetector | 🧠 ML : RANSOMWARE | Confiance : 130% | Niveau : 2/5
   → Signaux suspects : entropie critique (8.00 bits) • variation brutale Δ+2.75 bits (RF=47%)
2026-04-21 00:36:57,783 | CRITICAL | RansomwareDetector | 🚨 [CRITICAL] 🚨 CANARY COMPROMIS — Fichier : C:\Users\Nouar\Desktop\passwords_backup.txt | Entropie : 8.00 bits (Δ+2.75) | IA : RANSOMWARE (niveau 2/5)
2026-04-21 00:36:57,994 | CRITICAL | RansomwareDetector | ⚡ RÉPONSE AUTOMATIQUE DÉCLENCHÉE
2026-04-21 00:36:59,274 | WARNING  | RansomwareDetector | 🧠 ML : RANSOMWARE | Confiance : 130% | Niveau : 2/5
   → Signaux suspects : entropie critique (8.00 bits) • variation brutale Δ+2.75 bits (RF=47%)
2026-04-21 00:36:59,282 | CRITICAL | RansomwareDetector | 🚨 [CRITICAL] 🚨 CANARY COMPROMIS — Fichier : C:\Users\Nouar\Desktop\passwords_backup.txt | Entropie : 8.00 bits (Δ+2.75) | IA : RANSOMWARE (niveau 2/5)
2026-04-21 00:36:59,292 | CRITICAL | RansomwareDetector | ⚡ RÉPONSE AUTOMATIQUE DÉCLENCHÉE
2026-04-21 00:37:03,193 | WARNING  | RansomwareDetector | 🧠 ML : RANSOMWARE | Confiance : 130% | Niveau : 2/5
   → Signaux suspects : entropie critique (8.00 bits) • variation brutale Δ+2.75 bits (RF=47%)
2026-04-21 00:37:03,202 | CRITICAL | RansomwareDetector | 🚨 [CRITICAL] 🚨 CANARY COMPROMIS — Fichier : C:\Users\Nouar\Desktop\passwords_backup.txt | Entropie : 8.00 bits (Δ+2.75) | IA : RANSOMWARE (niveau 2/5)
2026-04-21 00:37:03,785 | CRITICAL | RansomwareDetector | ⚡ RÉPONSE AUTOMATIQUE DÉCLENCHÉE
2026-04-21 00:37:20,516 | ERROR    | RansomwareDetector.Killer | Échec suspension PID 9412 : process no longer exists (pid=9412, name='python.exe')
2026-04-21 00:37:22,300 | ERROR    | RansomwareDetector.Killer | Impossible de tuer PID 9412 : process no longer exists (pid=9412, name='python.exe')
2026-04-21 00:37:22,784 | CRITICAL | RansomwareDetector.Killer | 🛡  Réponse complète : 0/1 processus neutralisés.
2026-04-21 00:37:22,787 | CRITICAL | RansomwareDetector | 🔪 0/1 processus neutralisés.
2026-04-21 00:37:23,086 | ERROR    | RansomwareDetector.Killer | Échec suspension PID 9412 : process no longer exists (pid=9412, name='python.exe')
2026-04-21 00:37:23,088 | ERROR    | RansomwareDetector.Killer | Impossible de tuer PID 9412 : process no longer exists (pid=9412, name='python.exe')
2026-04-21 00:37:23,947 | ERROR    | RansomwareDetector.Killer | Échec suspension PID 9412 : process no longer exists (pid=9412, name='python.exe')
2026-04-21 00:37:24,066 | ERROR    | RansomwareDetector.Killer | Impossible de tuer PID 9412 : process no longer exists (pid=9412, name='python.exe')
2026-04-21 00:37:24,920 | WARNING  | RansomwareDetector.Killer | ⏸  Processus suspendu : python.exe (PID=20788)
2026-04-21 00:37:26,291 | WARNING  | RansomwareDetector.Killer | 🔪 Processus terminé : python.exe (PID=20788)
2026-04-21 00:37:28,019 | CRITICAL | RansomwareDetector.Killer | 🛡  Réponse complète : 1/2 processus neutralisés.
2026-04-21 00:37:28,026 | CRITICAL | RansomwareDetector | 🔪 1/2 processus neutralisés.
2026-04-21 00:37:35,193 | ERROR    | RansomwareDetector.Killer | Échec suspension PID 9412 : process no longer exists (pid=9412, name='python.exe')
2026-04-21 00:37:35,195 | ERROR    | RansomwareDetector.Killer | Impossible de tuer PID 9412 : process no longer exists (pid=9412, name='python.exe')
2026-04-21 00:37:37,292 | ERROR    | RansomwareDetector.Killer | Échec suspension PID 9412 : process no longer exists (pid=9412, name='python.exe')
2026-04-21 00:37:37,294 | ERROR    | RansomwareDetector.Killer | Impossible de tuer PID 9412 : process no longer exists (pid=9412, name='python.exe')
2026-04-21 00:37:37,315 | CRITICAL | RansomwareDetector.Killer | 🛡  Réponse complète : 0/1 processus neutralisés.
2026-04-21 00:37:37,348 | CRITICAL | RansomwareDetector | 🔪 0/1 processus neutralisés.
2026-04-21 00:38:30,154 | WARNING  | RansomwareDetector.Killer | Aucun processus trouvé avec C:\Users\Nouar\Desktop\passwords_backup.txt ouvert. Peut-être déjà fermé.
2026-04-21 00:38:30,166 | CRITICAL | RansomwareDetector | 🔪 0/0 processus neutralisés.
2026-04-21 08:52:20,589 | INFO     | RansomwareDetector | 🏋️  Entraînement du modèle ML (première fois)…
2026-04-21 08:52:22,414 | INFO     | RansomwareDetector | ✅ Modèle entraîné — F1=100.0% | Recall=100.0%
2026-04-21 08:52:22,419 | INFO     | RansomwareDetector | ============================================================
2026-04-21 08:52:22,423 | INFO     | RansomwareDetector |   🛡  RansomwareDetector — Démarrage
2026-04-21 08:52:22,428 | INFO     | RansomwareDetector | ============================================================
2026-04-21 08:52:22,432 | INFO     | RansomwareDetector | 🪤 Déploiement des fichiers canary…
2026-04-21 08:52:22,512 | INFO     | RansomwareDetector |    ✅ 1 canary files déployés.
2026-04-21 08:52:22,517 | INFO     | RansomwareDetector.Watcher | 👁  Surveillance : C:\Users\Nouar\Desktop
2026-04-21 08:52:22,520 | INFO     | RansomwareDetector.Watcher | 👁  Surveillance : C:\Users\Nouar\Documents
2026-04-21 08:52:22,525 | INFO     | RansomwareDetector.Watcher | 👁  Surveillance : C:\Users\Nouar\Downloads
2026-04-21 08:52:22,529 | INFO     | RansomwareDetector.Watcher | 👁  Surveillance : C:\Users\Public
2026-04-21 08:52:22,537 | INFO     | RansomwareDetector.Watcher | ✅ Watcher démarré.
2026-04-21 08:52:22,541 | INFO     | RansomwareDetector | 🔍 Surveillance active. Ctrl+C pour arrêter.

2026-04-21 08:53:02,345 | CRITICAL | RansomwareDetector.Watcher | 🚨 CANARY TOUCHÉ [MODIFIED] : C:\Users\Nouar\Desktop\passwords_backup.txt
2026-04-21 08:53:02,351 | CRITICAL | RansomwareDetector | 🚨 CANARY [MODIFIED] passwords_backup.txt | Entropie : 5.25 bits (baseline=5.25, Δ=+0.00)
2026-04-21 08:53:02,441 | WARNING  | RansomwareDetector | 🧠 ML : RANSOMWARE | Confiance : 129% | Niveau : 1/5
   → Activité dans les normes habituelles.
2026-04-21 08:53:02,446 | CRITICAL | RansomwareDetector | 🚨 [CRITICAL] 🚨 CANARY COMPROMIS — Fichier : C:\Users\Nouar\Desktop\passwords_backup.txt | Entropie : 5.25 bits (Δ+0.00) | IA : RANSOMWARE (niveau 1/5)
2026-04-21 08:53:02,652 | CRITICAL | RansomwareDetector | ⚡ RÉPONSE AUTOMATIQUE DÉCLENCHÉE
2026-04-21 08:53:02,917 | CRITICAL | RansomwareDetector.Watcher | 🚨 CANARY TOUCHÉ [MODIFIED] : C:\Users\Nouar\Desktop\passwords_backup.txt
2026-04-21 08:53:02,923 | CRITICAL | RansomwareDetector.Watcher | 🚨 CANARY TOUCHÉ [MODIFIED] : C:\Users\Nouar\Desktop\passwords_backup.txt
2026-04-21 08:53:03,578 | CRITICAL | RansomwareDetector | 🚨 CANARY [MODIFIED] passwords_backup.txt | Entropie : 8.00 bits (baseline=5.25, Δ=+2.75)
2026-04-21 08:53:03,713 | CRITICAL | RansomwareDetector | 🚨 CANARY [MODIFIED] passwords_backup.txt | Entropie : 8.00 bits (baseline=5.25, Δ=+2.75)
2026-04-21 08:53:06,544 | WARNING  | RansomwareDetector | 🧠 ML : RANSOMWARE | Confiance : 130% | Niveau : 2/5
   → Signaux suspects : entropie critique (8.00 bits) • variation brutale Δ+2.75 bits (RF=47%)
2026-04-21 08:53:06,556 | CRITICAL | RansomwareDetector | 🚨 [CRITICAL] 🚨 CANARY COMPROMIS — Fichier : C:\Users\Nouar\Desktop\passwords_backup.txt | Entropie : 8.00 bits (Δ+2.75) | IA : RANSOMWARE (niveau 2/5)
2026-04-21 08:53:06,575 | CRITICAL | RansomwareDetector | ⚡ RÉPONSE AUTOMATIQUE DÉCLENCHÉE
2026-04-21 08:53:06,870 | WARNING  | RansomwareDetector | 🧠 ML : RANSOMWARE | Confiance : 131% | Niveau : 2/5
   → Signaux suspects : entropie critique (8.00 bits) • variation brutale Δ+2.75 bits (RF=47%)
2026-04-21 08:53:06,874 | CRITICAL | RansomwareDetector | 🚨 [CRITICAL] 🚨 CANARY COMPROMIS — Fichier : C:\Users\Nouar\Desktop\passwords_backup.txt | Entropie : 8.00 bits (Δ+2.75) | IA : RANSOMWARE (niveau 2/5)
2026-04-21 08:53:06,879 | CRITICAL | RansomwareDetector | ⚡ RÉPONSE AUTOMATIQUE DÉCLENCHÉE
2026-04-21 08:55:56,373 | WARNING  | RansomwareDetector.Killer | ⏸  Processus suspendu : python.exe (PID=10944)
2026-04-21 08:55:56,751 | WARNING  | RansomwareDetector.Killer | ⏸  Processus suspendu : python.exe (PID=10944)
2026-04-21 08:55:56,754 | WARNING  | RansomwareDetector.Killer | ⏸  Processus suspendu : python.exe (PID=10944)
2026-04-21 08:55:56,895 | CRITICAL | RansomwareDetector.Watcher | 🚨 CANARY TOUCHÉ [MODIFIED] : C:\Users\Nouar\Desktop\passwords_backup.txt
2026-04-21 08:55:56,900 | WARNING  | RansomwareDetector.Killer | 🔪 Processus terminé : python.exe (PID=10944)
2026-04-21 08:55:57,013 | CRITICAL | RansomwareDetector.Killer | 🛡  Réponse complète : 1/1 processus neutralisés.
2026-04-21 08:55:57,032 | CRITICAL | RansomwareDetector | 🔪 1/1 processus neutralisés.
2026-04-21 08:55:57,062 | CRITICAL | RansomwareDetector | 🚨 CANARY [MODIFIED] passwords_backup.txt | Entropie : 8.00 bits (baseline=5.25, Δ=+2.75)
2026-04-21 08:55:57,194 | WARNING  | RansomwareDetector | 🧠 ML : RANSOMWARE | Confiance : 130% | Niveau : 2/5
   → Signaux suspects : entropie critique (8.00 bits) • variation brutale Δ+2.75 bits (RF=47%)
2026-04-21 08:55:57,206 | CRITICAL | RansomwareDetector | 🚨 [CRITICAL] 🚨 CANARY COMPROMIS — Fichier : C:\Users\Nouar\Desktop\passwords_backup.txt | Entropie : 8.00 bits (Δ+2.75) | IA : RANSOMWARE (niveau 2/5)
2026-04-21 08:55:57,216 | CRITICAL | RansomwareDetector | ⚡ RÉPONSE AUTOMATIQUE DÉCLENCHÉE
2026-04-21 08:55:57,265 | ERROR    | RansomwareDetector.Killer | Impossible de tuer PID 10944 : process no longer exists (pid=10944, name='python.exe')
2026-04-21 08:55:57,274 | ERROR    | RansomwareDetector.Killer | Impossible de tuer PID 10944 : process no longer exists (pid=10944, name='python.exe')
2026-04-21 08:55:57,731 | CRITICAL | RansomwareDetector.Killer | 🛡  Réponse complète : 0/1 processus neutralisés.
2026-04-21 08:55:57,734 | CRITICAL | RansomwareDetector.Killer | 🛡  Réponse complète : 0/1 processus neutralisés.
2026-04-21 08:55:57,737 | CRITICAL | RansomwareDetector | 🔪 0/1 processus neutralisés.
2026-04-21 08:55:58,240 | CRITICAL | RansomwareDetector | 🔪 0/1 processus neutralisés.
2026-04-21 08:56:55,637 | WARNING  | RansomwareDetector.Killer | Aucun processus trouvé avec C:\Users\Nouar\Desktop\passwords_backup.txt ouvert. Peut-être déjà fermé.
2026-04-21 08:56:55,676 | CRITICAL | RansomwareDetector | 🔪 0/0 processus neutralisés.
2026-04-21 09:34:28,665 | INFO     | RansomwareDetector | 🏋️  Entraînement du modèle ML (première fois)…
2026-04-21 09:34:30,021 | INFO     | RansomwareDetector | ✅ Modèle entraîné — F1=100.0% | Recall=100.0%
2026-04-21 09:34:30,023 | INFO     | RansomwareDetector | ============================================================
2026-04-21 09:34:30,026 | INFO     | RansomwareDetector |   🛡  RansomwareDetector — Démarrage
2026-04-21 09:34:30,029 | INFO     | RansomwareDetector | ============================================================
2026-04-21 09:34:30,031 | INFO     | RansomwareDetector | 🪤 Déploiement des fichiers canary…
2026-04-21 09:34:30,088 | INFO     | RansomwareDetector |    ✅ 1 canary files déployés.
2026-04-21 09:34:30,093 | INFO     | RansomwareDetector.Watcher | 👁  Surveillance : C:\Users\Nouar\Desktop
2026-04-21 09:34:30,097 | INFO     | RansomwareDetector.Watcher | 👁  Surveillance : C:\Users\Nouar\Documents
2026-04-21 09:34:30,100 | INFO     | RansomwareDetector.Watcher | 👁  Surveillance : C:\Users\Nouar\Downloads
2026-04-21 09:34:30,103 | INFO     | RansomwareDetector.Watcher | 👁  Surveillance : C:\Users\Public
2026-04-21 09:34:30,111 | INFO     | RansomwareDetector.Watcher | ✅ Watcher démarré.
2026-04-21 09:34:30,113 | INFO     | RansomwareDetector | 🔍 Surveillance active. Ctrl+C pour arrêter.

2026-04-21 09:40:12,418 | INFO     | RansomwareDetector | 🏋️  Entraînement du modèle ML (première fois)…
2026-04-21 09:40:13,956 | INFO     | RansomwareDetector | ✅ Modèle entraîné — F1=100.0% | Recall=100.0%
2026-04-21 09:40:13,959 | INFO     | RansomwareDetector | ============================================================
2026-04-21 09:40:13,962 | INFO     | RansomwareDetector |   🛡  RansomwareDetector — Démarrage
2026-04-21 09:40:13,965 | INFO     | RansomwareDetector | ============================================================
2026-04-21 09:40:13,967 | INFO     | RansomwareDetector | 🪤 Déploiement des fichiers canary…
2026-04-21 09:40:13,982 | INFO     | RansomwareDetector |    ✅ 0 canary files déployés.
2026-04-21 09:40:13,985 | INFO     | RansomwareDetector.Watcher | 👁  Surveillance : C:\Users\Nouar\Desktop
2026-04-21 09:40:13,987 | INFO     | RansomwareDetector.Watcher | 👁  Surveillance : C:\Users\Nouar\Documents
2026-04-21 09:40:13,990 | INFO     | RansomwareDetector.Watcher | 👁  Surveillance : C:\Users\Nouar\Downloads
2026-04-21 09:40:13,993 | INFO     | RansomwareDetector.Watcher | 👁  Surveillance : C:\Users\Public
2026-04-21 09:40:13,999 | INFO     | RansomwareDetector.Watcher | ✅ Watcher démarré.
2026-04-21 09:40:14,002 | INFO     | RansomwareDetector | 🔍 Surveillance active. Ctrl+C pour arrêter.

2026-04-21 09:49:49,371 | INFO     | RansomwareDetector | 🏋️  Entraînement du modèle ML (première fois)…
2026-04-21 09:49:51,204 | INFO     | RansomwareDetector | ✅ Modèle entraîné — F1=99.6% | Recall=99.4%
2026-04-21 09:49:51,213 | INFO     | RansomwareDetector | ============================================================
2026-04-21 09:49:51,219 | INFO     | RansomwareDetector |   🛡  RansomwareDetector — Démarrage
2026-04-21 09:49:51,227 | INFO     | RansomwareDetector | ============================================================
2026-04-21 09:49:51,233 | INFO     | RansomwareDetector | 🪤 Déploiement des fichiers canary…
2026-04-21 09:49:51,281 | INFO     | RansomwareDetector |    ✅ 0 canary files déployés.
2026-04-21 09:49:51,285 | INFO     | RansomwareDetector.Watcher | 👁  Surveillance : C:\Users\Nouar\Desktop
2026-04-21 09:49:51,290 | INFO     | RansomwareDetector.Watcher | 👁  Surveillance : C:\Users\Nouar\Documents
2026-04-21 09:49:51,295 | INFO     | RansomwareDetector.Watcher | 👁  Surveillance : C:\Users\Nouar\Downloads
2026-04-21 09:49:51,298 | INFO     | RansomwareDetector.Watcher | 👁  Surveillance : C:\Users\Public
2026-04-21 09:49:51,308 | INFO     | RansomwareDetector.Watcher | ✅ Watcher démarré.
2026-04-21 09:49:51,312 | INFO     | RansomwareDetector | 🔍 Surveillance active. Ctrl+C pour arrêter.

2026-04-21 10:03:51,842 | INFO     | RansomwareDetector | 🏋️  Entraînement du modèle ML (première fois)…
2026-04-21 10:03:53,759 | INFO     | RansomwareDetector | ✅ Modèle entraîné — F1=99.6% | Recall=99.4%
2026-04-21 10:03:53,762 | INFO     | RansomwareDetector | ============================================================
2026-04-21 10:03:53,765 | INFO     | RansomwareDetector |   🛡  RansomwareDetector — Démarrage
2026-04-21 10:03:53,767 | INFO     | RansomwareDetector | ============================================================
2026-04-21 10:03:53,768 | INFO     | RansomwareDetector | 🪤 Déploiement des fichiers canary…
2026-04-21 10:03:56,575 | INFO     | RansomwareDetector |    ✅ 40 canary files déployés.
2026-04-21 10:03:56,577 | INFO     | RansomwareDetector.Watcher | 👁  Surveillance : C:\Users\Nouar\Desktop
2026-04-21 10:03:56,579 | INFO     | RansomwareDetector.Watcher | 👁  Surveillance : C:\Users\Nouar\Documents
2026-04-21 10:03:56,581 | INFO     | RansomwareDetector.Watcher | 👁  Surveillance : C:\Users\Nouar\Downloads
2026-04-21 10:03:56,583 | INFO     | RansomwareDetector.Watcher | 👁  Surveillance : C:\Users\Public
2026-04-21 10:03:56,587 | INFO     | RansomwareDetector.Watcher | ✅ Watcher démarré.
2026-04-21 10:03:56,588 | INFO     | RansomwareDetector | 🔍 Surveillance active. Ctrl+C pour arrêter.

2026-04-21 10:20:22,370 | CRITICAL | RansomwareDetector.Watcher | 🚨 CANARY TOUCHÉ [MODIFIED] : C:\Users\Nouar\Desktop\passwords_backup.txt
2026-04-21 10:20:22,375 | CRITICAL | RansomwareDetector | 🚨 CANARY [MODIFIED] passwords_backup.txt | Entropie : 5.25 bits (baseline=5.25, Δ=+0.00)
2026-04-21 10:20:22,426 | WARNING  | RansomwareDetector | 🧠 ML : NORMAL | Confiance : 122% | Niveau : 0/5
   → Activité dans les normes habituelles.
2026-04-21 10:20:22,430 | CRITICAL | RansomwareDetector | 🚨 [CRITICAL] 🚨 CANARY COMPROMIS — Fichier : C:\Users\Nouar\Desktop\passwords_backup.txt | Entropie : 5.25 bits (Δ+0.00) | IA : NORMAL (niveau 0/5)
2026-04-21 10:20:22,873 | CRITICAL | RansomwareDetector.Watcher | 🚨 CANARY TOUCHÉ [MODIFIED] : C:\Users\Nouar\Desktop\passwords_backup.txt
2026-04-21 10:20:22,877 | CRITICAL | RansomwareDetector.Watcher | 🚨 CANARY TOUCHÉ [MODIFIED] : C:\Users\Nouar\Desktop\passwords_backup.txt
2026-04-21 10:20:22,989 | CRITICAL | RansomwareDetector | 🚨 CANARY [MODIFIED] passwords_backup.txt | Entropie : 8.00 bits (baseline=5.25, Δ=+2.75)
2026-04-21 10:20:22,992 | CRITICAL | RansomwareDetector | 🚨 CANARY [MODIFIED] passwords_backup.txt | Entropie : 8.00 bits (baseline=5.25, Δ=+2.75)
2026-04-21 10:20:23,082 | WARNING  | RansomwareDetector | 🧠 ML : RANSOMWARE | Confiance : 127% | Niveau : 3/5
   → Signaux suspects : entropie critique (8.00 bits) • variation brutale Δ+2.75 bits (RF=76%)
2026-04-21 10:20:23,088 | WARNING  | RansomwareDetector | 🧠 ML : RANSOMWARE | Confiance : 127% | Niveau : 3/5
   → Signaux suspects : entropie critique (8.00 bits) • variation brutale Δ+2.75 bits (RF=76%)
2026-04-21 10:20:23,090 | CRITICAL | RansomwareDetector | 🚨 [CRITICAL] 🚨 CANARY COMPROMIS — Fichier : C:\Users\Nouar\Desktop\passwords_backup.txt | Entropie : 8.00 bits (Δ+2.75) | IA : RANSOMWARE (niveau 3/5)
2026-04-21 10:20:23,094 | CRITICAL | RansomwareDetector | 🚨 [CRITICAL] 🚨 CANARY COMPROMIS — Fichier : C:\Users\Nouar\Desktop\passwords_backup.txt | Entropie : 8.00 bits (Δ+2.75) | IA : RANSOMWARE (niveau 3/5)
2026-04-21 10:20:23,098 | CRITICAL | RansomwareDetector | ⚡ RÉPONSE AUTOMATIQUE DÉCLENCHÉE
2026-04-21 10:20:23,101 | CRITICAL | RansomwareDetector | ⚡ RÉPONSE AUTOMATIQUE DÉCLENCHÉE
2026-04-21 10:21:29,872 | WARNING  | RansomwareDetector.Killer | ⏸  Processus suspendu : python.exe (PID=15648)
2026-04-21 10:21:29,882 | WARNING  | RansomwareDetector.Killer | ⏸  Processus suspendu : python.exe (PID=15648)
2026-04-21 10:21:30,388 | CRITICAL | RansomwareDetector.Watcher | 🚨 CANARY TOUCHÉ [MODIFIED] : C:\Users\Nouar\Desktop\passwords_backup.txt
2026-04-21 10:21:30,392 | WARNING  | RansomwareDetector.Killer | 🔪 Processus terminé : python.exe (PID=15648)
2026-04-21 10:21:30,392 | WARNING  | RansomwareDetector.Killer | 🔪 Processus terminé : python.exe (PID=15648)
2026-04-21 10:21:30,456 | CRITICAL | RansomwareDetector | 🚨 CANARY [MODIFIED] passwords_backup.txt | Entropie : 8.00 bits (baseline=5.25, Δ=+2.75)
2026-04-21 10:21:30,457 | CRITICAL | RansomwareDetector.Killer | 🛡  Réponse complète : 1/1 processus neutralisés.
2026-04-21 10:21:30,463 | CRITICAL | RansomwareDetector | 🔪 1/1 processus neutralisés.
2026-04-21 10:21:30,465 | CRITICAL | RansomwareDetector.Killer | 🛡  Réponse complète : 1/1 processus neutralisés.
2026-04-21 10:21:30,468 | CRITICAL | RansomwareDetector | 🔪 1/1 processus neutralisés.
2026-04-21 10:21:30,513 | WARNING  | RansomwareDetector | 🧠 ML : RANSOMWARE | Confiance : 127% | Niveau : 3/5
   → Signaux suspects : entropie critique (8.00 bits) • variation brutale Δ+2.75 bits (RF=75%)
2026-04-21 10:21:30,516 | CRITICAL | RansomwareDetector | 🚨 [CRITICAL] 🚨 CANARY COMPROMIS — Fichier : C:\Users\Nouar\Desktop\passwords_backup.txt | Entropie : 8.00 bits (Δ+2.75) | IA : RANSOMWARE (niveau 3/5)
2026-04-21 10:21:30,521 | CRITICAL | RansomwareDetector | ⚡ RÉPONSE AUTOMATIQUE DÉCLENCHÉE
2026-04-21 10:22:05,676 | WARNING  | RansomwareDetector.Killer | Aucun processus trouvé avec C:\Users\Nouar\Desktop\passwords_backup.txt ouvert. Peut-être déjà fermé.
2026-04-21 10:22:05,711 | CRITICAL | RansomwareDetector | 🔪 0/0 processus neutralisés.
2026-04-29 14:12:32,702 | INFO     | RansomwareDetector | 🏋️  Entraînement du modèle ML (première fois)…
2026-04-29 14:12:39,763 | INFO     | RansomwareDetector | ✅ Modèle entraîné — F1=99.6% | Recall=99.4%
2026-04-29 14:12:39,776 | INFO     | RansomwareDetector | ============================================================
2026-04-29 14:12:39,783 | INFO     | RansomwareDetector |   🛡  RansomwareDetector — Démarrage
2026-04-29 14:12:39,790 | INFO     | RansomwareDetector | ============================================================
2026-04-29 14:12:39,796 | INFO     | RansomwareDetector | 🪤 Déploiement des fichiers canary…
2026-04-29 14:12:45,065 | INFO     | RansomwareDetector |    ✅ 40 canary files déployés.
2026-04-29 14:12:45,069 | INFO     | RansomwareDetector.Watcher | 👁  Surveillance : C:\Users\Nouar\Desktop
2026-04-29 14:12:45,075 | INFO     | RansomwareDetector.Watcher | 👁  Surveillance : C:\Users\Nouar\Documents
2026-04-29 14:12:45,082 | INFO     | RansomwareDetector.Watcher | 👁  Surveillance : C:\Users\Nouar\Downloads
2026-04-29 14:12:45,089 | INFO     | RansomwareDetector.Watcher | 👁  Surveillance : C:\Users\Public
2026-04-29 14:12:45,101 | INFO     | RansomwareDetector.Watcher | ✅ Watcher démarré.
2026-04-29 14:12:45,104 | INFO     | RansomwareDetector | 🔍 Surveillance active. Ctrl+C pour arrêter.

2026-04-29 14:13:11,891 | CRITICAL | RansomwareDetector.Watcher | 🚨 CANARY TOUCHÉ [MODIFIED] : C:\Users\Nouar\Desktop\passwords_backup.txt
2026-04-29 14:13:11,900 | CRITICAL | RansomwareDetector | 🚨 CANARY [MODIFIED] passwords_backup.txt | Entropie : 5.25 bits (baseline=5.25, Δ=+0.00)
2026-04-29 14:13:12,022 | WARNING  | RansomwareDetector | 🧠 ML : NORMAL | Confiance : 122% | Niveau : 0/5
   → Activité dans les normes habituelles.
2026-04-29 14:13:12,028 | CRITICAL | RansomwareDetector | 🚨 [CRITICAL] 🚨 CANARY COMPROMIS — Fichier : C:\Users\Nouar\Desktop\passwords_backup.txt | Entropie : 5.25 bits (Δ+0.00) | IA : NORMAL (niveau 0/5)
2026-04-29 14:13:12,397 | CRITICAL | RansomwareDetector.Watcher | 🚨 CANARY TOUCHÉ [MODIFIED] : C:\Users\Nouar\Desktop\passwords_backup.txt
2026-04-29 14:13:12,405 | CRITICAL | RansomwareDetector.Watcher | 🚨 CANARY TOUCHÉ [MODIFIED] : C:\Users\Nouar\Desktop\passwords_backup.txt
2026-04-29 14:13:12,808 | CRITICAL | RansomwareDetector | 🚨 CANARY [MODIFIED] passwords_backup.txt | Entropie : 8.00 bits (baseline=5.25, Δ=+2.75)
2026-04-29 14:13:12,815 | CRITICAL | RansomwareDetector | 🚨 CANARY [MODIFIED] passwords_backup.txt | Entropie : 8.00 bits (baseline=5.25, Δ=+2.75)
2026-04-29 14:13:13,021 | WARNING  | RansomwareDetector | 🧠 ML : RANSOMWARE | Confiance : 127% | Niveau : 3/5
   → Signaux suspects : entropie critique (8.00 bits) • variation brutale Δ+2.75 bits (RF=75%)
2026-04-29 14:13:13,027 | CRITICAL | RansomwareDetector | 🚨 [CRITICAL] 🚨 CANARY COMPROMIS — Fichier : C:\Users\Nouar\Desktop\passwords_backup.txt | Entropie : 8.00 bits (Δ+2.75) | IA : RANSOMWARE (niveau 3/5)
2026-04-29 14:13:13,037 | CRITICAL | RansomwareDetector | ⚡ RÉPONSE AUTOMATIQUE DÉCLENCHÉE
2026-04-29 14:13:13,445 | WARNING  | RansomwareDetector | 🧠 ML : RANSOMWARE | Confiance : 127% | Niveau : 3/5
   → Signaux suspects : entropie critique (8.00 bits) • variation brutale Δ+2.75 bits (RF=75%)
2026-04-29 14:13:13,453 | CRITICAL | RansomwareDetector | 🚨 [CRITICAL] 🚨 CANARY COMPROMIS — Fichier : C:\Users\Nouar\Desktop\passwords_backup.txt | Entropie : 8.00 bits (Δ+2.75) | IA : RANSOMWARE (niveau 3/5)
2026-04-29 14:13:13,464 | CRITICAL | RansomwareDetector | ⚡ RÉPONSE AUTOMATIQUE DÉCLENCHÉE
2026-04-29 14:15:08,086 | WARNING  | RansomwareDetector.Killer | ⏸  Processus suspendu : python.exe (PID=16548)
2026-04-29 14:15:08,096 | WARNING  | RansomwareDetector.Killer | ⏸  Processus suspendu : python.exe (PID=16548)
2026-04-29 14:15:08,600 | CRITICAL | RansomwareDetector.Watcher | 🚨 CANARY TOUCHÉ [MODIFIED] : C:\Users\Nouar\Desktop\passwords_backup.txt
2026-04-29 14:15:08,602 | WARNING  | RansomwareDetector.Killer | 🔪 Processus terminé : python.exe (PID=16548)
2026-04-29 14:15:08,602 | WARNING  | RansomwareDetector.Killer | 🔪 Processus terminé : python.exe (PID=16548)
2026-04-29 14:15:08,713 | CRITICAL | RansomwareDetector | 🚨 CANARY [MODIFIED] passwords_backup.txt | Entropie : 8.00 bits (baseline=5.25, Δ=+2.75)
2026-04-29 14:15:08,769 | CRITICAL | RansomwareDetector.Killer | 🛡  Réponse complète : 1/1 processus neutralisés.
2026-04-29 14:15:08,782 | CRITICAL | RansomwareDetector | 🔪 1/1 processus neutralisés.
2026-04-29 14:15:08,787 | CRITICAL | RansomwareDetector.Killer | 🛡  Réponse complète : 1/1 processus neutralisés.
2026-04-29 14:15:08,797 | CRITICAL | RansomwareDetector | 🔪 1/1 processus neutralisés.
2026-04-29 14:15:08,827 | WARNING  | RansomwareDetector | 🧠 ML : RANSOMWARE | Confiance : 127% | Niveau : 3/5
   → Signaux suspects : entropie critique (8.00 bits) • variation brutale Δ+2.75 bits (RF=75%)
2026-04-29 14:15:08,831 | CRITICAL | RansomwareDetector | 🚨 [CRITICAL] 🚨 CANARY COMPROMIS — Fichier : C:\Users\Nouar\Desktop\passwords_backup.txt | Entropie : 8.00 bits (Δ+2.75) | IA : RANSOMWARE (niveau 3/5)
2026-04-29 14:15:08,838 | CRITICAL | RansomwareDetector | ⚡ RÉPONSE AUTOMATIQUE DÉCLENCHÉE
2026-04-29 14:16:00,195 | WARNING  | RansomwareDetector.Killer | Aucun processus trouvé avec C:\Users\Nouar\Desktop\passwords_backup.txt ouvert. Peut-être déjà fermé.
2026-04-29 14:16:00,215 | CRITICAL | RansomwareDetector | 🔪 0/0 processus neutralisés.
2026-04-29 14:37:20,727 | INFO     | RansomwareDetector | 🏋️  Entraînement du modèle ML (première fois)…
2026-04-29 14:37:22,214 | INFO     | RansomwareDetector | ✅ Modèle entraîné — F1=99.6% | Recall=99.4%
2026-04-29 14:37:22,216 | INFO     | RansomwareDetector | ============================================================
2026-04-29 14:37:22,218 | INFO     | RansomwareDetector |   🛡  RansomwareDetector — Démarrage
2026-04-29 14:37:22,219 | INFO     | RansomwareDetector | ============================================================
2026-04-29 14:37:22,221 | INFO     | RansomwareDetector | 🪤 Déploiement des fichiers canary…
2026-04-29 14:37:23,446 | INFO     | RansomwareDetector |    ✅ 40 canary files déployés.
2026-04-29 14:37:23,449 | INFO     | RansomwareDetector.Watcher | 👁  Surveillance : C:\Users\Nouar\Desktop
2026-04-29 14:37:23,451 | INFO     | RansomwareDetector.Watcher | 👁  Surveillance : C:\Users\Nouar\Documents
2026-04-29 14:37:23,454 | INFO     | RansomwareDetector.Watcher | 👁  Surveillance : C:\Users\Nouar\Downloads
2026-04-29 14:37:23,456 | INFO     | RansomwareDetector.Watcher | 👁  Surveillance : C:\Users\Public
2026-04-29 14:37:23,460 | INFO     | RansomwareDetector.Watcher | ✅ Watcher démarré.
2026-04-29 14:37:23,463 | INFO     | RansomwareDetector | 🔍 Surveillance active. Ctrl+C pour arrêter.

2026-05-04 02:46:51,376 | INFO     | RansomwareDetector | 🏋️  Entraînement du modèle ML (première fois)…
2026-05-04 02:46:53,896 | INFO     | RansomwareDetector | ✅ Modèle entraîné — F1=99.6% | Recall=99.4%
2026-05-04 02:46:53,898 | INFO     | RansomwareDetector | ============================================================
2026-05-04 02:46:53,901 | INFO     | RansomwareDetector |   🛡  RansomwareDetector — Démarrage
2026-05-04 02:46:53,903 | INFO     | RansomwareDetector | ============================================================
2026-05-04 02:46:53,904 | INFO     | RansomwareDetector | 🪤 Déploiement des fichiers canary…
2026-05-04 02:46:57,627 | INFO     | RansomwareDetector |    ✅ 40 canary files déployés.
2026-05-04 02:46:57,630 | INFO     | RansomwareDetector.Watcher | 👁  Surveillance : C:\Users\Nouar\Desktop
2026-05-04 02:46:57,631 | INFO     | RansomwareDetector.Watcher | 👁  Surveillance : C:\Users\Nouar\Documents
2026-05-04 02:46:57,633 | INFO     | RansomwareDetector.Watcher | 👁  Surveillance : C:\Users\Nouar\Downloads
2026-05-04 02:46:57,635 | INFO     | RansomwareDetector.Watcher | 👁  Surveillance : C:\Users\Public
2026-05-04 02:46:57,641 | INFO     | RansomwareDetector.Watcher | ✅ Watcher démarré.
2026-05-04 02:46:57,644 | INFO     | RansomwareDetector | 🔍 Surveillance active. Ctrl+C pour arrêter.

2026-05-04 02:51:41,988 | CRITICAL | RansomwareDetector.Watcher | 🚨 CANARY TOUCHÉ [MODIFIED] : C:\Users\Nouar\Desktop\passwords_backup.txt
2026-05-04 02:51:42,001 | CRITICAL | RansomwareDetector | 🚨 CANARY [MODIFIED] passwords_backup.txt | Entropie : 5.25 bits (baseline=5.25, Δ=+0.00)
2026-05-04 02:51:42,098 | WARNING  | RansomwareDetector | 🧠 ML : NORMAL | Confiance : 123% | Niveau : 0/5
   → Activité dans les normes habituelles.
2026-05-04 02:51:42,104 | CRITICAL | RansomwareDetector | 🚨 [CRITICAL] 🚨 CANARY COMPROMIS — Fichier : C:\Users\Nouar\Desktop\passwords_backup.txt | Entropie : 5.25 bits (Δ+0.00) | IA : NORMAL (niveau 0/5)
2026-05-04 02:51:42,494 | CRITICAL | RansomwareDetector.Watcher | 🚨 CANARY TOUCHÉ [MODIFIED] : C:\Users\Nouar\Desktop\passwords_backup.txt
2026-05-04 02:51:42,502 | CRITICAL | RansomwareDetector.Watcher | 🚨 CANARY TOUCHÉ [MODIFIED] : C:\Users\Nouar\Desktop\passwords_backup.txt
2026-05-04 02:51:42,766 | CRITICAL | RansomwareDetector | 🚨 CANARY [MODIFIED] passwords_backup.txt | Entropie : 8.00 bits (baseline=5.25, Δ=+2.75)
2026-05-04 02:51:42,767 | CRITICAL | RansomwareDetector | 🚨 CANARY [MODIFIED] passwords_backup.txt | Entropie : 8.00 bits (baseline=5.25, Δ=+2.75)
2026-05-04 02:51:42,846 | WARNING  | RansomwareDetector | 🧠 ML : RANSOMWARE | Confiance : 128% | Niveau : 4/5
   → Signaux suspects : entropie critique (8.00 bits) • variation brutale Δ+2.75 bits (RF=91%)
2026-05-04 02:51:42,848 | CRITICAL | RansomwareDetector | 🚨 [CRITICAL] 🚨 CANARY COMPROMIS — Fichier : C:\Users\Nouar\Desktop\passwords_backup.txt | Entropie : 8.00 bits (Δ+2.75) | IA : RANSOMWARE (niveau 4/5)
2026-05-04 02:51:42,855 | WARNING  | RansomwareDetector | 🧠 ML : RANSOMWARE | Confiance : 128% | Niveau : 4/5
   → Signaux suspects : entropie critique (8.00 bits) • variation brutale Δ+2.75 bits (RF=91%)
2026-05-04 02:51:42,859 | CRITICAL | RansomwareDetector | ⚡ RÉPONSE AUTOMATIQUE DÉCLENCHÉE
2026-05-04 02:51:42,862 | CRITICAL | RansomwareDetector | 🚨 [CRITICAL] 🚨 CANARY COMPROMIS — Fichier : C:\Users\Nouar\Desktop\passwords_backup.txt | Entropie : 8.00 bits (Δ+2.75) | IA : RANSOMWARE (niveau 4/5)
2026-05-04 02:51:42,884 | CRITICAL | RansomwareDetector | ⚡ RÉPONSE AUTOMATIQUE DÉCLENCHÉE
2026-05-04 08:59:29,934 | INFO     | RansomwareDetector | 🏋️  Entraînement du modèle ML (première fois)…
2026-05-04 08:59:33,543 | INFO     | RansomwareDetector | ✅ Modèle entraîné — F1=99.6% | Recall=99.4%
2026-05-04 08:59:33,553 | INFO     | RansomwareDetector | ============================================================
2026-05-04 08:59:33,561 | INFO     | RansomwareDetector |   🛡  RansomwareDetector — Démarrage
2026-05-04 08:59:33,570 | INFO     | RansomwareDetector | ============================================================
2026-05-04 08:59:33,577 | INFO     | RansomwareDetector | 🪤 Déploiement des fichiers canary…
2026-05-04 08:59:36,782 | INFO     | RansomwareDetector |    ✅ 40 canary files déployés.
2026-05-04 08:59:36,787 | INFO     | RansomwareDetector.Watcher | 👁  Surveillance : C:\Users\Nouar\Desktop
2026-05-04 08:59:36,792 | INFO     | RansomwareDetector.Watcher | 👁  Surveillance : C:\Users\Nouar\Documents
2026-05-04 08:59:36,796 | INFO     | RansomwareDetector.Watcher | 👁  Surveillance : C:\Users\Nouar\Downloads
2026-05-04 08:59:36,800 | INFO     | RansomwareDetector.Watcher | 👁  Surveillance : C:\Users\Public
2026-05-04 08:59:36,808 | INFO     | RansomwareDetector.Watcher | ✅ Watcher démarré.
2026-05-04 08:59:36,813 | INFO     | RansomwareDetector | 🔍 Surveillance active. Ctrl+C pour arrêter.

2026-05-04 08:59:40,419 | CRITICAL | RansomwareDetector.Watcher | 🚨 CANARY TOUCHÉ [MODIFIED] : C:\Users\Nouar\Desktop\passwords_backup.txt
2026-05-04 08:59:40,425 | CRITICAL | RansomwareDetector | 🚨 CANARY [MODIFIED] passwords_backup.txt | Entropie : 5.25 bits (baseline=5.25, Δ=+0.00)
2026-05-04 08:59:40,475 | WARNING  | RansomwareDetector | 🧠 ML : NORMAL | Confiance : 123% | Niveau : 0/5
   → Activité dans les normes habituelles.
2026-05-04 08:59:40,477 | CRITICAL | RansomwareDetector | 🚨 [CRITICAL] 🚨 CANARY COMPROMIS — Fichier : C:\Users\Nouar\Desktop\passwords_backup.txt | Entropie : 5.25 bits (Δ+0.00) | IA : NORMAL (niveau 0/5)
2026-05-04 09:02:03,367 | INFO     | RansomwareDetector | 🏋️  Entraînement du modèle ML (première fois)…
2026-05-04 09:02:05,322 | INFO     | RansomwareDetector | ✅ Modèle entraîné — F1=99.6% | Recall=99.4%
2026-05-04 09:02:05,325 | INFO     | RansomwareDetector | ============================================================
2026-05-04 09:02:05,329 | INFO     | RansomwareDetector |   🛡  RansomwareDetector — Démarrage
2026-05-04 09:02:05,334 | INFO     | RansomwareDetector | ============================================================
2026-05-04 09:02:05,338 | INFO     | RansomwareDetector | 🪤 Déploiement des fichiers canary…
2026-05-04 09:02:07,763 | INFO     | RansomwareDetector |    ✅ 40 canary files déployés.
2026-05-04 09:02:07,768 | INFO     | RansomwareDetector.Watcher | 👁  Surveillance : C:\Users\Nouar\Desktop
2026-05-04 09:02:07,773 | INFO     | RansomwareDetector.Watcher | 👁  Surveillance : C:\Users\Nouar\Documents
2026-05-04 09:02:07,776 | INFO     | RansomwareDetector.Watcher | 👁  Surveillance : C:\Users\Nouar\Downloads
2026-05-04 09:02:07,782 | INFO     | RansomwareDetector.Watcher | 👁  Surveillance : C:\Users\Public
2026-05-04 09:02:07,793 | INFO     | RansomwareDetector.Watcher | ✅ Watcher démarré.
2026-05-04 09:02:07,800 | INFO     | RansomwareDetector | 🔍 Surveillance active. Ctrl+C pour arrêter.

2026-05-04 09:36:23,437 | CRITICAL | RansomwareDetector.Watcher | 🚨 CANARY TOUCHÉ [MODIFIED] : C:\Users\Nouar\Desktop\passwords_backup.txt
2026-05-04 09:36:23,521 | CRITICAL | RansomwareDetector | 🚨 CANARY [MODIFIED] passwords_backup.txt | Entropie : 5.25 bits (baseline=5.25, Δ=+0.00)
2026-05-04 09:36:23,932 | WARNING  | RansomwareDetector | 🧠 ML : NORMAL | Confiance : 122% | Niveau : 0/5
   → Activité dans les normes habituelles.
2026-05-04 09:36:23,942 | CRITICAL | RansomwareDetector.Watcher | 🚨 CANARY TOUCHÉ [MODIFIED] : C:\Users\Nouar\Desktop\passwords_backup.txt
2026-05-04 09:36:23,987 | CRITICAL | RansomwareDetector | 🚨 [CRITICAL] 🚨 CANARY COMPROMIS — Fichier : C:\Users\Nouar\Desktop\passwords_backup.txt | Entropie : 5.25 bits (Δ+0.00) | IA : NORMAL (niveau 0/5)
2026-05-04 09:36:24,001 | CRITICAL | RansomwareDetector.Watcher | 🚨 CANARY TOUCHÉ [MODIFIED] : C:\Users\Nouar\Desktop\passwords_backup.txt
2026-05-04 09:36:24,390 | CRITICAL | RansomwareDetector | 🚨 CANARY [MODIFIED] passwords_backup.txt | Entropie : 8.00 bits (baseline=5.25, Δ=+2.75)
2026-05-04 09:36:24,399 | CRITICAL | RansomwareDetector | 🚨 CANARY [MODIFIED] passwords_backup.txt | Entropie : 8.00 bits (baseline=5.25, Δ=+2.75)
2026-05-04 09:36:24,580 | WARNING  | RansomwareDetector | 🧠 ML : RANSOMWARE | Confiance : 128% | Niveau : 3/5
   → Signaux suspects : entropie critique (8.00 bits) • variation brutale Δ+2.75 bits (RF=75%)
2026-05-04 09:36:24,585 | WARNING  | RansomwareDetector | 🧠 ML : RANSOMWARE | Confiance : 128% | Niveau : 3/5
   → Signaux suspects : entropie critique (8.00 bits) • variation brutale Δ+2.75 bits (RF=75%)
2026-05-04 09:36:24,590 | CRITICAL | RansomwareDetector | 🚨 [CRITICAL] 🚨 CANARY COMPROMIS — Fichier : C:\Users\Nouar\Desktop\passwords_backup.txt | Entropie : 8.00 bits (Δ+2.75) | IA : RANSOMWARE (niveau 3/5)
2026-05-04 09:36:24,590 | CRITICAL | RansomwareDetector | 🚨 [CRITICAL] 🚨 CANARY COMPROMIS — Fichier : C:\Users\Nouar\Desktop\passwords_backup.txt | Entropie : 8.00 bits (Δ+2.75) | IA : RANSOMWARE (niveau 3/5)
2026-05-04 09:36:24,697 | CRITICAL | RansomwareDetector | ⚡ RÉPONSE AUTOMATIQUE DÉCLENCHÉE
2026-05-04 09:36:24,701 | CRITICAL | RansomwareDetector | ⚡ RÉPONSE AUTOMATIQUE DÉCLENCHÉE
